"排名","代號","名稱","成交","漲跌價","漲跌幅","平均成長(%)","20Q3成長(%)","20Q4成長(%)","21Q1成長(%)","21Q2成長(%)","21Q3成長(%)","21Q4成長(%)","22Q1成長(%)","22Q2成長(%)","22Q3成長(%)","22Q4成長(%)","23Q1成長(%)","23Q2成長(%)"
"1",="8477","創業家","15","-0.05","-0.33","-35.1","-24","-17.8","-29","+12.5","-18","-94.6","-38.9","-48.1","-20.9","-65.8","-41.4",""
"2",="5381","合正","18.95","+0.1","+0.53","+69.8","+16.8","-0.48","+16.3","+19.6","+14.2","+23.1","-5.29","+2","-7.55","-12.2","+701",""
"3",="6130","星寶國際","30.4","+0.15","+0.5","+77.9","-53.7","-49.8","-51.9","+50.8","-4.66","-44.3","-60.3","-57.5","-0.27","+34.2","+1094",""
"4",="2929","淘帝-KY","10.8","+0.1","+0.93","-8.87","+175","-56.6","-87.2","-91.5","-52.3","+1.19","+128","-8.16","-17.6","-69.7","-18.9",""
"5",="2939","凱羿-KY","28.9","+0.25","+0.87","-26.7","+84.9","+24.5","-29.2","-51","-27.9","-23.8","-51.9","-33.2","-86.6","-92.7","-6.64",""
"6",="6806","森崴能源","100","-3","-2.91","+217","","","","","","","","","+938","+107","-96.4","-79"
"7",="6111","大宇資","75.6","-2","-2.58","+7300","-54.3","-61.7","-1.92","-24.5","+11896","+11893","+12140","+43155","+226","+190","+946",""
"8",="6691","洋基工程","273.5","-4.5","-1.62","+271","","-14.1","-6.03","+25.1","+1465","+380","+459","+139","+99.1","+62","+100",""
"9",="3054","立萬利","19.9","-0.15","-0.75","-23","-27.9","-81.7","-88.6","-89.1","-82","-67.9","-41.1","+53","+36","+21.4","-8.57","+99.8"
"10",="5386","青雲","55.6","-4.3","-7.18","+52.2","+92.4","+135","+2.45","+60.1","+174","+121","+246","+55.9","-59","-70.4","-87.3","-43.1"
"11",="2424","隴華","42.8","-0.6","-1.38","+42","+114","+81.8","+81.7","+128","+13.5","+23.2","+27.5","+7.74","+37","-50.8","-1.53",""
"12",="4123","晟德","57.5","-1.8","-3.04","-11.4","-58.9","-53.3","-56.2","+12.2","+3.68","-7.04","-13.4","-31.1","-23.1","-11.3","+113",""
"13",="3041","揚智","17.85","-0.55","-2.99","+28.2","+59","+63.8","+42.8","+13.2","+29.7","+10.6","-11.9","+13.3","+26","-17.4","+80.6",""
"14",="8440","綠電","38.3","-0.7","-1.79","-2.03","+5.12","-7.13","+13","+0.13","-7.18","-2.84","-16.9","+4.65","+0.42","-17.5","-17.2","+21"
"15",="6248","沛波","26.75","-0.5","-1.83","+36.4","+10.5","+15.1","+1.33","+70.1","+38","+77.1","+72.2","+48.8","+75.1","-28.2","+20",""
"16",="4162","智擎","83.5","-1.4","-1.65","+102","-56.5","+2.58","+3.03","-51.3","-37","-78","+128","+423","+433","+533","-39.2","-36"
"17",="6419","京晨科","32.95","+0.05","+0.15","-12.3","+29","+51.6","-3.65","-35.1","-34.7","-47.9","-35.5","-23","-10.5","-37.9","+12.3",""
"18",="5201","凱衛","31.75","-1.7","-5.08","-37.4","","","","","","+100","0","-100","-100","-70.1","-54.5",""
"19",="3306","鼎天","46.7","-4.1","-8.07","+70.8","-5.72","+14.1","+51.3","+114","+363","+152","+195","+86.8","-8.56","-36.3","-59.2","-15.3"
"20",="4763","材料-KY","750","-83","-9.96","+25.1","-23.8","-9.46","-4.32","-3.91","+14.5","+74","+75.5","+73.9","+46.2","-1.91","+35.8",""
"21",="8086","宏捷科","93.6","-1.3","-1.37","-1.1","+31.3","+15.5","+8.98","+27.4","+26.9","+16.6","-0.96","-19","-39.4","-36.2","-42.1","-2.14"
"22",="2425","承啟","50.8","-2.2","-4.15","+15.2","-33.3","-21.1","-5.45","+96","+29.8","+87.2","+22.1","-16.9","+34.4","-21.7","-4.2",""
"23",="4905","台聯電","73.4","-4.4","-5.66","+23.3","+7.33","-12.5","-18.2","-21","-14.9","+4.48","+51.8","+51.3","+62.8","+67.3","+77.7",""
"24",="5603","陸海","20.7","-0.2","-0.96","+32.2","-7.85","-5.31","-80.8","-78.1","-58","-43.3","+257","+199","+60.1","+21.4","+22.1","+101"
"25",="4304","勝昱","9.46","0","0","+35.4","-4.38","-0.38","+4.64","+25.7","+16.7","+0.91","+2.28","+3.97","+100","+83.4","+156",""
"26",="6873","泓德能源-創","115","-4","-3.36","+404","","+132","","+8.42","","-29.8","","-28.8","+1573","+572","+604",""
"27",="5227","立凱-KY","59.6","-0.7","-1.16","+140","-16.6","-59.5","-46.1","-37.9","-19.4","+76.4","+123","+335","+616","+257","+309",""
"28",="3664","安瑞-KY","24.4","+0.2","+0.83","+29.8","-9.27","+5.96","-25.9","-22.7","-24.6","-23.9","+1.76","+20.7","+195","+81","+130",""
"29",="1308","亞聚","25.7","-0.2","-0.77","+19.3","-35.9","-19.3","-12.3","+12.7","+30.5","+87.1","+3.6","+86.3","+51.2","-7.4","+20.1","+14.7"
"30",="6184","大豐電","50.7","-0.2","-0.39","-2.15","-6.39","-46.8","-20.7","-13.2","-41.3","-35.2","-43.3","+52.7","+64.3","+3.77","+62.4",""
"31",="6148","驊宏資","34.7","-3.3","-8.68","+42.7","-1.64","-42","-13.9","+100","+68.1","-21.7","+41","+37.4","+28.6","+96.5","+177",""
"32",="6270","倍微","22.7","-0.25","-1.09","+53","-20.5","+6.21","+14.5","+76.1","+82.2","+69.2","+35.4","+34.7","+78.6","+59.8","+147",""
"33",="6877","鏵友益","40","-1.85","-4.42","+45.2","","+13.6","","+19.1","","+2.86","","+58.4","+158","+24.1","+40.4",""
"34",="2207","和泰車","705","-11","-1.54","+11.5","-25.4","-8.97","-6.02","+7.69","-1.31","-15.5","-8.63","-10.3","+44.9","+32.6","+118",""
"35",="2734","易飛網","50.4","-0.9","-1.75","+14.5","+13.7","-20.5","+22.3","+28.6","+7.64","+35.9","-2.03","-21.5","+6.94","+17.3","+70.6",""
"36",="2468","華經","27.75","-1.25","-4.31","+12.6","+2.15","+17.2","+20.7","-18.6","-10.2","-54.5","-56.7","+6.13","+39.8","+55.8","+137",""
"37",="3209","全科","34.65","-0.75","-2.12","+46.3","+1.02","-18.4","-20","-33.8","-49.2","+28.8","+36.2","+127","+222","+87.5","+128",""
"38",="1309","台達化","19.2","-0.3","-1.54","+31.9","-15","-0.73","-6.35","+131","+62","+60.1","+57.9","+36.9","+37.1","-19.8","+7",""
"39",="6613","朋億*","119","+0.5","+0.42","+88.6","-40","-66.2","-57.9","+74.1","+95.1","+152","+226","+124","+153","+196","+117",""
"40",="1799","易威","21.9","-0.75","-3.31","+50.5","-15","+295","+13.6","+41.1","-3.52","-34.3","-15.9","+60","+121","+30.6","+62.3",""
"41",="6733","博晟生醫","37.5","-0.8","-2.09","+105","+308","+315","+377","+169","+18.9","-13.2","-48.7","-52.2","-20.8","-45.8","+81.1","+167"
"42",="6859","伯特光","134.5","-2.5","-1.82","-0.23","","-18.7","","+6.55","","+1.77","+7.8","+10.1","+25","-15.6","-18.8",""
"43",="2901","欣欣","25.6","-0.1","-0.39","+10.2","-8.26","-30.2","-25.6","-4.26","+7.04","+44.5","+32.5","+8.58","+16.9","+25.2","+45.9",""
"44",="4903","聯光通","17.1","-0.1","-0.58","+6.65","+10.3","+34.3","+1.34","-14.5","-15.8","-4.26","+38.4","+33.1","+38.7","-11.2","-29.4","-1.22"
"45",="8048","德勝","72.7","-3.9","-5.09","+46.7","-25","+4.03","+25","+30.5","+82.5","+120","+105","+76.2","+40.2","+23","+33",""
"46",="5536","聖暉*","149","-3.5","-2.3","+74.2","-40.2","-52.6","-36.3","+81.4","+142","+140","+146","+107","+114","+126","+88.3",""
"47",="2748","雲品","81.4","-1.6","-1.93","+8.11","+27.5","+5.69","+54.7","+21.1","-14.8","-14.6","-25","-28.3","+7.57","+8.32","+4.71","+50.5"
"48",="5478","智冠","97.5","-0.8","-0.81","+27.6","+12.2","+47.9","+5.84","+84","-9.39","-18.1","+64.4","+1.28","+37","+82.5","-14.3","+37.4"
"49",="8411","福貞-KY","14.8","-0.05","-0.34","+15","-4.34","+19.2","+6.94","+35.7","+41.4","+53","+61.4","+45","+6.27","-52.1","-46.9",""
"50",="2712","遠雄來","35.65","+0.25","+0.71","+34.1","+92.6","+45","+76.6","+8.74","-50.7","-23.8","-14.1","-21.1","+49.6","+97.5","+115",""
"51",="3078","僑威","79.7","-5.7","-6.67","+49.6","+43.3","+121","+121","+210","+122","+30.8","+21.2","-26.3","-41.7","-34.6","-20.5",""
"52",="3268","海德威","21.55","-0.4","-1.82","+13.2","+11","-23.6","-9.58","+42.3","+31","+50.5","+104","-41.1","-6.07","-20.8","+7.95",""
"53",="8255","朋程","176.5","-0.5","-0.28","+19","-18.6","-14.5","+0.05","+20","+55","+54.5","+25.8","+18.4","+7.31","+8.83","+22.8","+48.5"
"54",="5439","高技","105.5","-6","-5.38","+51.4","+37.4","+68.4","+55.9","+82.2","+141","+91.1","+56.3","+15.5","-6.75","-1.78","+26.9",""
"55",="1310","台苯","16.65","-0.2","-1.19","+21.7","-24.2","-0.54","+106","+17.9","+39.7","+91.7","-41.3","+121","+0.07","-31.2","+24.2","-43.6"
"56",="2032","新鋼","17.7","+0.05","+0.28","+12.3","+12.5","+28.1","+28.7","+13.3","-5.6","+38.9","+18.6","+77.1","-32.5","-41","-2.79",""
"57",="6863","永道-KY","135.5","-6","-4.24","+71.5","","","","","","+33.3","","","","+65.8","+115",""
"58",="2201","裕隆","77.9","-1.3","-1.64","-12.6","-22.1","-27.6","-29.9","-25.7","-17.2","-12.8","-2.43","-8.49","-3.67","-5.54","+17.4",""
"59",="2466","冠西電","37.25","-0.05","-0.13","+2.41","-39.1","-19.4","-24.4","-18.9","-8.54","+6.88","+51","-3.54","+36.8","+32.6","+12.9",""
"60",="3029","零壹","64.6","-2.1","-3.15","+17.6","+22.5","-5.87","-8.06","+56.7","+77.6","+32.6","+29.8","+9.07","-14.9","+19","-8.03","+0.18"
"61",="8409","商之器","27.1","-0.45","-1.63","+631","-31","-74.1","-40","+4503","+1243","+2085","+320","-92.1","-78.4","-99.5","-81.9","-76.8"
"62",="6667","信紘科","73.1","-1.6","-2.14","+54.5","+7.33","+16","-0.38","+6.56","+21","+28","+76.3","+117","+117","+126","+81.1","+57.7"
"63",="1903","士紙","59.6","-2.1","-3.4","-36.4","+3.4","+2.18","-48.4","-72.2","-72.3","-74.9","-53.9","-29.4","-30.3","-26.5","+1.65",""
"64",="8467","波力-KY","60.8","-0.6","-0.98","+9.74","+6.16","+4.4","-6.15","+10.8","-8.77","-3.85","+50.9","+6.5","+27","+19.3","+0.87",""
"65",="6425","易發","21.15","0","0","-4.83","-20.8","+4.39","+16.6","+6.95","+2.69","-5.98","+12.7","+2.26","-12.6","-31.8","-27.6",""
"66",="6657","華安","66.4","-5.3","-7.39","-16.1","","-23.1","","-13.6","","-3.23","","-21.7","-37.4","-19.3","+5.73",""
"67",="8271","宇瞻","50.7","-1.5","-2.87","+5.67","-3.15","-14.7","+28.7","+71.5","+86.3","+86.3","+0.44","-32.8","-23.3","-35.7","-62.3","-33.2"
"68",="3682","亞太電","6.48","-0.01","-0.15","-13.1","-64","-55.4","-2.51","+11.3","+32.3","+48.2","-36.1","-4.4","-35.2","-50.7","+12.4",""
"69",="3535","晶彩科","18.8","+0.45","+2.45","-6.11","-17","-8.52","-37.6","+9.14","-2.76","-3.75","+102","+34.3","-4.84","-38","-59.1","-47.8"
"70",="5210","寶碩","16","-0.35","-2.14","+274","+26.7","-83.7","+122","+1276","+529","+1223","+80.8","-59","-59.5","+2.74","-41",""
"71",="6461","益得","29","-0.7","-2.36","+3.81","+67.9","+28.3","+18.1","+5.19","+10.3","+5.09","-3.07","-11.6","-1.01","-13.5","-39","-21"
"72",="3062","建漢","20.1","-0.55","-2.66","+38.8","-25","-19.2","-18.2","+1.74","+12.5","+4.97","+61.3","+102","+136","+111","+60",""
"73",="3067","全域","40.9","+0.65","+1.61","+14","-46.9","-39.6","-35.9","-21.5","-11.9","-31.6","+40.1","+79.9","+56.5","+135","+30.7",""
"74",="2007","燁興","9.83","-0.16","-1.6","+3.5","-2.89","-13.8","+16.9","-3.06","+28.4","+37","+15.3","+29.6","-7.19","-40.3","-21.3",""
"75",="3540","曜越","44.15","-1.85","-4.02","+12.1","-1.18","+25","+46.2","+53.3","+38.7","+12.3","+11.9","+4.19","+1.84","-17.8","-24.8","-4.1"
"76",="6598","ABC-KY","24.5","-0.5","-2","+18.8","+39.5","+28.9","+92.8","+18.1","-9.85","-4.75","-19.2","+12.3","+16","+5.23","+28.2",""
"77",="3402","漢科","48.1","-0.5","-1.03","+47","+13.8","-3.85","-15.4","-11.5","+46.5","+52.6","+90.2","+97.3","+51.9","+101","+94.3",""
"78",="2465","麗臺","38.05","-0.85","-2.19","+35.5","+15.7","+7.97","+122","+51.4","+40.5","+39.7","-12.3","+86.8","+77.1","+35.2","-18.2","-19.4"
"79",="2453","凌群","54","-5","-8.47","-0.53","+1.9","+29.7","-8.14","-2.18","-0.39","-47.8","-31","-32.7","-10.3","+55.2","+39.9",""
"80",="1519","華城","208.5","-15.5","-6.92","+19.6","-4.42","-10.8","-0.06","-4.5","+14.4","+22.5","+16.7","+28.7","+39.4","+54","+59.4",""
"81",="8024","佑華","21","-0.95","-4.33","-16.2","-43.5","-41.2","-33.1","-36.3","-45.6","-26.6","-35.6","-19.8","+7.75","-9.93","+29.1","+60.4"
"82",="9941","裕融","182.5","-1.5","-0.82","-1.06","-6.08","-60.3","-52.9","-25.5","-27.5","-61.7","+16.3","-63.9","-71.4","+134","+22.2","+184"
"83",="1256","鮮活果汁-KY","297","+2.5","+0.85","+37.1","+35.2","+42.9","+75.1","+57","+69.8","+50.2","+32.1","+26","+7.71","+1.76","+10.5",""
"84",="8101","華冠","5.7","+0.03","+0.53","-37.5","+37.5","-14.6","-43.1","-45.9","-66.2","-61.2","-59.2","-62.5","-56.2","-39.2","-1.6",""
"85",="9960","邁達康","27.4","-0.15","-0.54","+15.4","-11.4","-29.5","+6.1","+29.9","+31.6","+38.3","+15.9","+7.03","+21.5","+36.9","+23.2",""
"86",="6114","久威","33.15","-0.8","-2.36","-0.25","-27.3","+13.2","+10.3","+10.3","+16.5","-20.4","-19.7","+9.51","-2.77","+22.7","-9.97","-5.38"
"87",="2489","瑞軒","12.6","-0.2","-1.56","+27.6","+62.2","+32.5","+56.4","+201","+78.6","+12.2","+19.8","-33.1","-43.3","-29.9","-29.6","+4.25"
"88",="6577","勁豐","91","-3","-3.19","+12.1","+9.48","+5.59","-16.6","-25","-6.29","+16.1","+21.3","+45.6","+29.7","+15.3","+38.3",""
"89",="2364","倫飛","78.2","-3.7","-4.52","+7.47","-5.92","+0.52","+5.56","+11.3","+10.2","+2.3","+9.78","+0.44","+10.9","+20.4","+16.6",""
"90",="5455","昇益","27.05","0","0","+863","+5465","+812","+584","+849","+659","+595","+242","+54","+67.4","+64.2","+105",""
"91",="3379","彬台","12.4","-0.2","-1.59","+8.35","-20.2","+161","+67","+51.1","+21.9","-53","-43.2","-34.6","-19.6","-33.1","-5.63",""
"92",="1603","華電","35.2","-1.6","-4.35","+28.6","+22.9","+31.4","+34.3","+43.3","+15.6","+3.16","+41.5","+21","+28","+38.5","+35.4",""
"93",="6283","淳安","31.25","-0.7","-2.19","+69","+11.7","+173","+176","+259","+58.1","+8.73","-23.5","-16.1","+12.7","+26.5","+73",""
"94",="2022","聚亨","8.65","-0.12","-1.37","+8","+23.5","+7.35","+14.6","+43.8","+18.1","+11.1","+28.5","-11.7","-21.7","-13.1","-12.4",""
"95",="3437","榮創","17","-0.3","-1.73","-17.7","+49.8","-5.39","-22.2","+32.6","-38.6","-12.6","-20.4","-42.7","-47.1","-48.5","-40.1",""
"96",="6120","達運","14.7","-0.4","-2.65","-6.05","+14.9","+16.1","-0.34","+17.9","+16.7","+8.78","-2.49","+1.62","-37.2","-41.8","-35.3","-31.5"
"97",="2607","榮運","28.45","-0.35","-1.22","+4.8","-4.94","-7.38","+4.29","+5.6","+11.1","+12.4","+3.52","+7.03","+0.62","+0.92","+19.7",""
"98",="4305","世坤","31.9","0","0","-3.16","+32.9","+24.4","+29.5","+14.3","-6.44","-21.8","+10.3","-34.3","-39.6","-12.7","-31.3",""
"99",="8093","保銳","16.5","-1.8","-9.84","+15.6","-21.8","+46.7","+99.6","+142","+73.1","+29.9","-0.28","-36.8","-46.9","-50.5","-41.2","-6.69"
"100",="6590","普鴻","88.3","-0.3","-0.34","+5.04","+15.8","+64","+5.92","-26.7","+1.06","-54.4","-30.7","-20.9","-31.1","+84.1","+11.1","+42.4"
"101",="2073","雄順","30.75","-0.25","-0.81","+25.3","","+42.5","","-61.9","","-36.6","","+98","+164","-28.9","+0.2",""
"102",="5209","新鼎","169.5","-3.5","-2.02","+10.3","+42.2","+58.2","+52.9","+59.2","-10.7","-37.9","-26.9","-19.8","-20.7","+18.2","-0.38","+8.87"
"103",="8432","東生華","46.3","-1.25","-2.63","+5.7","+92.9","+31.9","+30.8","-21.2","-17.6","-6.02","-18.3","-5.59","-13.3","-19.1","-1.24","+15"
"104",="1465","偉全","13.55","-0.05","-0.37","-1.85","-25.8","-22.4","-18.8","-5.03","+1.69","-3.54","-4.89","-0.37","+4.36","+18.3","+36.1",""
"105",="6788","華景電","128","-9.5","-6.91","+58.6","","-7.19","+40.9","+87.8","+184","+171","+75.3","+19","-5.07","+2.87","+18.6",""
"106",="2338","光罩","69.9","-1.4","-1.96","+27.6","-2.76","-20","-18","+3.53","+63","+106","+91.3","+74.9","-0.06","-5.25","+11.2",""
"107",="6649","台生材","34.15","+0.35","+1.04","+73","+147","+11.8","+4.68","+8.78","+36.6","+68.6","+47.8","+106","+68.2","+78.4","+187","+111"
"108",="1236","宏亞","22.7","-0.05","-0.22","+2.58","+8.84","+25.6","+14.3","+1.92","+0.65","-15.2","-10.8","+10.4","+7.05","-7.69","+2.47","-6.46"
"109",="6854","錼創科技-KY創","105.5","-1.5","-1.4","+32.4","","","","","","+85.8","+84","+35.6","-5.38","-12.3","+6.97",""
"110",="6242","立康","56.7","-1.2","-2.07","+3.18","+39.6","+7.21","-21.6","-8.48","-18.8","-8.74","+18.7","-3.7","-14.8","+14.9","+4.35","+29.4"
"111",="3570","大塚","129.5","-1.5","-1.15","+45.9","-15.5","-3.19","-2.87","+33.3","+62.5","+8.78","+124","+132","+70.4","+69.6","+26.3",""
"112",="3260","威剛","76.7","-2.8","-3.52","+14.9","-3.77","+36.5","+26.1","+104","+83.2","+31.7","+7.81","-21.3","-34.8","-31.4","-33.7",""
"113",="4744","皇將","31.3","-0.4","-1.26","+3.1","+6.15","-7.64","-20.4","+5.33","+19.6","+11.8","+22.8","+3.68","-0.46","+0.45","-7.08",""
"114",="2611","志信","13.3","-0.05","-0.37","+117","+228","+796","+81.7","+84.3","+85.2","-0.13","-0.12","-1.54","-2.16","-1.4","+15.2",""
"115",="1599","宏佳騰","36.45","+0.25","+0.69","+15.8","+22.1","+36.1","+9.91","-6.03","+4.09","+25.6","+0.85","+14.5","+30.5","+11.9","+24.8",""
"116",="6147","頎邦","67.4","+0.4","+0.6","+13.9","+12.3","+22.5","+16.7","+22.7","+23.8","+10.4","-7.11","+0.51","+13.4","+21.6","+8.93","+20.8"
"117",="3162","精確","46","-1.35","-2.85","+78.9","+23.9","+1.86","+20.7","+35.8","+56.8","+26.6","+32.5","+98.2","+117","+242","+213",""
"118",="4523","永彰","53.2","-5.9","-9.98","+3.39","-31.3","-27.8","-30.7","-32.1","-16.4","-22.8","-15.9","+11.3","+12","+86.3","+105",""
"119",="8176","智捷","11.1","-0.3","-2.63","+3.06","-64.3","-30.1","-21","-17.6","+11.8","+26.3","+23.1","+24.6","+21","+20.9","+39",""
"120",="4142","國光生","33.75","-0.1","-0.3","+17.6","-20.2","-29.4","+22.3","+13.5","+26.1","+67.5","+45.5","+18","-5.61","+30.3","+26.2",""
"121",="2069","運錩","17.6","-0.4","-2.22","+33.8","-7.14","+19.2","+39.6","+109","+106","+114","+47.2","+21.4","-26.9","-33","-17.8",""
"122",="3349","寶德","17.15","-0.15","-0.87","+29.5","","+216","","+183","+33.5","-22.4","-45.4","-49.3","-49.2","-15.7","+14.3",""
"123",="6843","進典","66.8","-3.7","-5.25","+24.3","","-6.86","","+19","","+45.2","+16.9","+40.1","+35.1","+17","+27.9",""
"124",="1615","大山","38.95","-0.85","-2.14","-0.88","+7.61","+21.9","-1.22","-30.9","-36.2","-48.2","-44.5","+15","+25.3","+41.8","+39.8",""
"125",="3171","新洲","18.1","+0.3","+1.69","+14.1","+10.5","+50.1","+52.9","+31","+30.6","+16.8","+19.2","+5.82","-9.34","-23.4","-28.9",""
"126",="6485","點序","84","-4.1","-4.65","+19.4","-4.53","-19","-39.1","-41.1","-25.2","-12.8","+70.1","+80.7","+48","+90.1","+42.5","+42.9"
"127",="6674","鋐寶科技","28.1","+0.3","+1.08","+21.3","-51.6","-57.4","-41.6","-52.4","-11.2","+98.6","+125","+109","+76.1","+20.6","+18.5",""
"128",="3548","兆利","78.5","+0.2","+0.26","+21.3","-6.79","+11.6","+80.6","+67.7","+79.9","+33.7","-6.66","+9.6","-10.6","-15.6","-8.66",""
"129",="3218","大學光","377","0","0","+62.3","+10.1","+2.62","+32.8","+34.5","+38.4","+84.7","+83.6","+104","+111","+96.8","+86.5",""
"130",="5704","老爺知","58.8","-0.8","-1.34","+11.1","+13.5","+34.8","+12.7","+3.8","-29.2","+11.8","+13.7","+16","+39.9","-4.44","+9.61",""
"131",="1514","亞力","55.3","-2.7","-4.66","+28.8","+4.77","-11.2","+6.66","+4.93","+21.3","+43","+46.4","+42.2","+51.2","+51.1","+56.3",""
"132",="2496","卓越","52.7","+0.7","+1.35","-21.2","-91.8","-88.2","-91.4","-93.8","-16.9","+31","+31.4","+36.9","+33.1","-16.1","-6.44","+17.8"
"133",="4904","遠傳","72.2","+0.7","+0.98","+4.97","-38","+4.98","+32.4","+14.6","+5.93","-1.42","+2.86","+5.89","+3.15","-5.38","+29.7",""
"134",="4173","久裕","22.75","-1","-4.21","+27.4","-1.28","+50.4","+17.5","+27.4","+54.9","+9.15","+31.2","+40.8","-0.11","+26.8","+45.1",""
"135",="3008","大立光","2125","-10","-0.47","+13","+12.3","+10.9","+6.23","+14.4","+39.6","+41.8","+29.4","+19","+5.26","-9.05","-9.66","-4.5"
"136",="3360","尚立","12.55","-0.25","-1.95","+51.5","-65.5","-69.3","-75.2","-55.3","+27.9","+262","+174","+117","+145","+59.7","+46.1",""
"137",="6103","合邦","41.65","0","0","+132","-94.7","+134","+105","+14.9","-47","+21.2","+153","+456","+588","+89.5","+32.4",""
"138",="2061","風青","18.2","-0.15","-0.82","+27.4","-38.2","-23.6","+2.47","+48.3","+66.4","+82.4","+52.1","+47.2","+28.1","+7.32","+29.1",""
"139",="2633","台灣高鐵","29.7","-0.2","-0.67","+4.58","-3.84","+0.63","-4.65","-4.03","+9.58","+13.4","+14.5","+12.5","+4.58","+3.41","+4.27",""
"140",="2535","達欣工","32.45","-0.15","-0.46","+0.45","-8.67","-9.77","-13.8","+5.04","-2.1","-11.3","-12.3","-10.2","-6.43","+3.58","+26.7","+44.6"
"141",="1109","信大","17","-0.15","-0.87","+5.8","-10.2","+7.64","-14.1","-5.71","+6.83","+1.53","+21.1","+27","-6.95","+11.5","+25.3",""
"142",="1618","合機","25.8","-1.2","-4.44","+7.65","-8.36","-7.58","-12.1","-29.6","+30.3","+19.7","-6.68","+23.1","+0.57","+15.6","+59.3",""
"143",="1783","和康生","60.3","-0.4","-0.66","-2.37","+18","-1.28","-12.4","+3.04","+5.56","-9.23","-27.1","-32.1","-20.2","-4.66","+21.9","+30.1"
"144",="2613","中櫃","20.3","-0.2","-0.98","+14.2","+20","+20.2","+18.4","+9.15","+4.96","+6.34","+11.1","+8.63","+13.5","+16.8","+27.3",""
"145",="4164","承業醫","55.5","-1.4","-2.46","+21.8","-18.7","-28.7","-44.4","-39.2","+27.7","+2.52","+81.3","+94.3","-1.45","+64.2","+62.3","+61.5"
"146",="8038","長園科","45.5","0","0","+6.39","+55.1","+50","+2.78","+2.33","+7.02","-20.4","-3.12","+9.97","+12.5","-22.8","-23.1",""
"147",="3164","景岳","24.2","-0.3","-1.22","+17.3","+9.52","+10.5","-5.16","-2.7","-18","+6.55","+28","+31.9","+36.5","+49.2","+44.1",""
"148",="2482","連宇","49.65","-5.05","-9.23","+11.1","+2.94","-4.63","-10.1","+8.07","-10.4","-15.4","+7.57","+12.6","+43","+54.8","+33.3",""
"149",="5278","尚凡","175","-1","-0.57","+361","-76","+12.9","+172","+686","+1688","+365","+290","+217","+291","+231","+89.5",""
"150",="3276","宇環","13.7","-0.15","-1.08","+14.6","+73.4","+26.6","+18.8","+82.4","+69.6","+59.7","+13.5","-37.3","-73.7","-42.7","-29.3",""
"151",="6177","達麗","31.95","-0.15","-0.47","+20.1","+57.8","+41.2","+50.5","+50.3","+30.4","+19.4","+1.59","-9.65","-9.93","-6.25","-2.25","+18.4"
"152",="5212","凌網","42.95","-0.4","-0.92","+72.4","+57.9","+5.57","-26.4","-13.7","-9.7","-53.1","+32.3","+50.7","+188","+413","+141","+83.4"
"153",="1477","聚陽","302.5","-7","-2.26","+19.3","-1.18","+18.3","+41.3","+50.1","+61","+35","+51.6","+5.73","-3.99","-3.56","-11.6","-11.5"
"154",="3004","豐達科","103.5","-4","-3.72","+10.4","+4.49","-21.5","-29.2","-27.7","-14.7","+15.3","+27.8","+21.4","+28.4","+27.3","+37.3","+55.6"
"155",="1438","三地開發","30","-0.25","-0.83","+222","+218","+724","+897","+288","+284","+72.6","+73.9","+70.1","+25.5","+7.5","-2.21","+9.67"
"156",="4989","榮科","28.6","-1","-3.38","+28.3","+19.3","+3.67","+11.3","+28.5","+13.4","+60.4","+64.3","+51.5","+43.5","+7","+8.82",""
"157",="3050","鈺德","15.1","-0.05","-0.33","+16.1","-41.1","-30.4","-17","+32.5","+28.5","+84.9","+80.6","+28.1","-0.04","-13.7","+24.7",""
"158",="6754","匯僑設計","50.3","-1","-1.95","+12.4","-13.7","+14.5","+11.2","+8.11","+70.8","+40","+12.3","+63.5","+3.78","-19.5","-1.03","-41.2"
"159",="3095","及成","23.5","0","0","+1.08","-13.8","-15.9","-0.78","+0.15","+56.8","+81.6","+31.3","-19","-50.1","-35.7","-22.8",""
"160",="6194","育富","35","-2.5","-6.67","+44","+43.2","+127","+174","+181","+148","+63","-14.6","-42.8","-68","-66.7","-59.6",""
"161",="2376","技嘉","296","-32.5","-9.89","+32.9","+30.3","+34.2","+43.8","+70.5","+50.2","+74.6","+64.6","+34.3","+2.25","-18.1","-25.2",""
"162",="6829","千附精密","110.5","-4","-3.49","+0.3","","","","","","+29.8","-11.5","-15.8","-2.88","-2.87","+5.04",""
"163",="5464","霖宏","27.1","-1","-3.56","+18.1","-6.52","+19","+19.8","+203","+99.7","+3.67","+5.92","-23","-37","-42.4","-43.8",""
"164",="5284","jpp-KY","135.5","-3.5","-2.52","+17.7","-2.02","+10.4","+12.8","+21.8","+4.64","+0.09","+16.7","+25.6","+37.7","+31.5","+35.4",""
"165",="8916","光隆","54.6","-0.2","-0.36","-2.19","-30.1","-27.3","-22.8","-6.85","+28.7","+38.9","+24.2","+7.61","-14.8","-11.6","-10.1",""
"166",="2038","海光","19.2","-0.4","-2.04","+4.95","+11.8","+29.4","-4.08","+11","-12.2","-19.4","+6.74","+14.7","+14.7","+3.64","-1.89",""
"167",="5701","劍湖山","7.7","-0.04","-0.52","-6.47","-11.5","-18","-12.1","-8.44","-12.2","-2.14","+5.67","-6.56","-9","-2.95","+6.03",""
"168",="8423","保綠-KY","22.7","-0.1","-0.44","-8.29","-7.11","-14","-25.5","-27.6","-14.9","-1.79","+8.23","+26.3","-7.58","-19","-8.21",""
"169",="6538","倉和","141.5","-4.5","-3.08","+15","+28.3","+6.93","-19.3","-3.25","+7.97","+5.94","-4.35","+7.93","+36.9","+35.4","+62.8",""
"170",="4999","鑫禾","34.65","-0.2","-0.57","+16.9","+29.4","+83.2","+149","+73.6","+5.42","-19.8","-28.9","-32.2","-26.1","-26.2","-21.7",""
"171",="1777","生泰","85.7","-0.3","-0.35","+8.12","+0.92","+2.08","+6.03","-12.7","-4.79","+9.4","+1.44","+22.4","+7.29","+9.78","+19.4","+36.2"
"172",="9930","中聯資源","51.9","-0.5","-0.95","+7.56","-8.42","+4.67","-4.16","+24.9","+40.2","+28.4","+25","-2.47","-14.2","-7.06","-2.4","+6.25"
"173",="6287","元隆","20.45","-0.2","-0.97","+8.96","+2.87","-5.52","-11.6","-20.4","-12.2","+0.14","+20.5","+32.9","+24.9","+36.8","+30.2",""
"174",="6291","沛亨","187.5","-5.5","-2.85","+140","+241","+332","+387","+494","+77.4","+53","+56.2","+28.8","+17.9","+4.1","-10.1","+1.16"
"175",="2388","威盛","109.5","0","0","+52.9","-0.47","+2.88","+9.64","+13.9","+51.2","+91.6","+90.2","+81","+78.4","+77.3","+85.8",""
"176",="8222","寶一","46.1","-2","-4.16","-1.77","+5.95","+5.87","+0.23","-11.5","-13.4","-15.8","-19.4","-20.1","-10.3","+2.96","+16.3","+37.9"
"177",="2754","亞洲藏壽司","163","-4.5","-2.69","+56.1","+215","+107","+29.3","-2.21","-18.8","-8.4","+34.6","+93","+58.2","+61.5","+48",""
"178",="1456","怡華","16.5","-0.5","-2.94","+43.3","+51.9","+50","+34.1","+16.6","-19.5","+0.74","+7.82","+32","+76.8","+91.1","+89.9","+88"
"179",="8084","巨虹","85.7","0","0","-6.2","-3.48","-26.1","-31.8","-21.8","+12","+13.6","-2.33","+4.39","+16.9","-14.1","-15.5",""
"180",="6151","晉倫","26.65","0","0","+24.5","+2.71","+39.7","+87.5","+110","+61.5","+6.84","-1.01","-5.07","-5.51","-12.5","-14.5",""
"181",="1513","中興電","114","-2","-1.72","+6.42","+60.7","+23.9","+2.76","-5.79","-35.5","0","-12","-8.18","+6.12","-5.48","+18.8","+31.7"
"182",="3346","麗清","48","-2.2","-4.38","+33.5","-2.06","+9.01","+17","+35.2","+79.2","+54","+52.7","+43.3","+37.9","+15.3","+26.9",""
"183",="3465","進泰電子","78.3","-1.5","-1.88","+29824","-100","-100","+37933","+230644","","","+12.7","-1.85","+11.4","+13.4","+6.36",""
"184",="6747","亨泰光","196","+1","+0.51","+44.6","+16.8","+26.3","+7.16","+34.5","+31.1","+24.1","+22.2","+41.3","+65.4","+107","+89.3","+69.9"
"185",="5434","崇越","175.5","-1","-0.57","+18.2","-13.8","-3.24","+8.43","+4.76","+5.35","+4.4","+20","+21.8","+38.9","+58.6","+30.8","+42.2"
"186",="2509","全坤建","15","-0.05","-0.33","+9.59","-1.93","-15.2","-18.5","-21.4","-20","-7.13","+5.11","+20.1","+32.6","+39.3","+50.7","+51.6"
"187",="6523","達爾膚","134","-3","-2.19","-1.42","-26.1","+0.77","+0.12","-5.01","+10.3","+11.8","-23.6","-11.9","-2.22","+0.02","+30.2",""
"188",="8422","可寧衛","184.5","-1.5","-0.81","+1352","+116","+14.7","+44.1","+12.6","+3418","+3632","+3785","+3890","+5.5","-24.6","-24.3",""
"189",="4131","晶宇","25","-0.7","-2.72","-2.51","+74.6","+43.9","+21.1","+6.45","-6.02","-15.9","-17.7","-20.9","-33.8","-34.6","-29.3","-17.9"
"190",="7556","意德士","103","-0.5","-0.48","+12.4","+3.48","-10.5","+20.4","-8.92","-9.86","+3.41","-7.91","+17","+33.5","+26.1","+37.4","+44.6"
"191",="2427","三商電","24.85","-1.4","-5.33","+10.1","+6.23","-4.98","+18.7","+13.2","+13.6","+17.9","-8.08","-7.47","+7.94","+24.1","+30.1",""
"192",="4971","IET-KY","56.2","-1.3","-2.26","+11.3","-13.9","+6.39","+2.68","+2.93","+1.27","-10.6","+2.02","+3.84","+26.2","+48.6","+54.5",""
"193",="2067","嘉鋼","13.45","-0.6","-4.27","+8.69","-34.8","-24.8","-21.3","-0.49","+21.4","+37.8","+64.7","+43.3","+18.8","-1.38","-7.73",""
"194",="5302","太欣","9.52","-0.27","-2.76","-28.2","-25.3","-18.5","-32.7","-28.6","-9.41","-7.02","-10.2","-35.4","-51.1","-54.2","-37.9",""
"195",="4102","永日","30.95","+0.05","+0.16","-3.09","+25.1","+12.8","+2.18","-11.3","-6.4","-21.5","-13.5","-17.9","-10","+0.4","+6.13",""
"196",="6603","富強鑫","16.7","+0.3","+1.83","+10.6","+5.47","+11.1","+11.7","+8.72","+21.4","+21","+21.3","+19.1","+6.09","-6.76","-2.36",""
"197",="4174","浩鼎","84","-1.1","-1.29","+89.9","","+75.2","+83.7","+86.8","+4.5","+30","-3.54","+111","+236","+130","+202","+33.8"
"198",="6584","南俊國際","67.4","-3.3","-4.67","+46.9","","+56.4","","+111","","+99.9","","+65.3","+23.5","-12.5","-15",""
"199",="6207","雷科","31.7","-0.9","-2.76","-2.45","-13.3","-8.9","+8.39","+0.9","+23.4","+14.7","-5.13","-7.2","-20.4","-15.1","-10.5","+3.73"
"200",="3583","辛耘","222","-18.5","-7.69","+109","+32.6","+23.1","+38.6","+74.5","+135","+171","+227","+157","+138","+124","+103","+87.6"
"201",="8450","霹靂","24.1","-0.25","-1.03","-23.2","+13.4","+2.51","-0.17","-21.7","-17","-40.2","-53.5","-54.8","-56.9","-26.9","-0.05",""
"202",="2596","綠意","21.3","-0.1","-0.47","+0.63","+20","+11.9","-3.54","-10.7","-21.2","-23.6","-29","-21.3","-2.22","+17.3","+30.9","+39"
"203",="1201","味全","19.3","-0.2","-1.03","+5.44","+2.61","-4.88","+4.26","+9.39","+9.53","+14.8","-2.61","-1.87","+2.04","+12.2","+7.78","+12.1"
"204",="4502","健信","36.9","0","0","+26.9","-1.22","+5.95","-3.62","-5.82","+7.79","+46.7","+58.7","+70.4","+68.5","+17.4","+31",""
"205",="5488","松普","11.75","-0.85","-6.75","+14.1","-8.28","-2.17","+8.54","+53.5","+45.9","+41.1","+41","+13.1","-4.45","-16.9","-16.5",""
"206",="1529","樂事綠能","34.85","-1.75","-4.78","+159","+97.5","+52.6","-32.1","+5.73","-2.5","+33.7","+9.46","+107","+323","+546","+606",""
"207",="2329","華泰","43.8","-4.3","-8.94","+11.2","-10.6","-8.78","-12.4","+13.7","+46.1","+60.1","+44.7","+24.4","+10.3","-0.44","-18.2","-14"
"208",="6781","AES-KY","625","-14","-2.19","+65.3","","+36.8","+61","+63.7","+105","+73.3","+60.8","+98.5","+70.3","+43.2","+40.2",""
"209",="6196","帆宣","142","-2","-1.39","+30.7","-4.93","-8.41","-7.08","-3.39","+28.4","+24.9","+58.3","+86.4","+67.8","+75.9","+33.5","+16.9"
"210",="2023","燁輝","15.1","-0.15","-0.98","+21.6","-5.58","+10.1","+28","+72.3","+101","+64.7","+20.4","+15.5","-24.3","-29.4","-14.9",""
"211",="3178","公準","88.4","-3.2","-3.49","+21.7","+21.7","+9.4","+12","+10.3","+0.83","+1.12","+7.53","+33.3","+43","+51.5","+47.6",""
"212",="6703","軒郁","243","-15","-5.81","+21.4","+35.4","+35.5","+36.3","+24.5","+2.84","+15.3","+5.64","+4.72","+4.44","+23.6","+47",""
"213",="5283","禾聯碩","114.5","-0.5","-0.43","+10.3","-19.8","-23.4","+12.6","+32.2","+62.2","+59.7","+31.2","+3.55","-10.1","-20.6","-13.7",""
"214",="2640","大車隊","112","-0.5","-0.44","+19.2","+10.8","+44.3","+45","+25","+52.6","+6.81","-5.97","-9.12","+1.25","+18.1","+22.4",""
"215",="6782","視陽","163.5","-4.5","-2.68","+29.9","","+7.81","","+27.7","","+8.7","+18.2","+20.6","+46.3","+58.9","+50.7",""
"216",="6446","藥華藥","331.5","-7","-2.07","+64.3","+153","+54.6","+45","+38.5","+34.5","+118","+109","+43.1","+59.7","+27.9","+24.4",""
"217",="6190","萬泰科","34.85","-1.25","-3.46","+26.8","-3.1","+20.7","+22.6","+68.3","+63.6","+48.2","+60.1","+25.6","+5.26","-7.97","-8.39",""
"218",="8926","台汽電","45.05","-2","-4.25","+41.4","-7.86","+21.2","+2.79","+34.5","+9.82","+76.2","+90.3","+68.3","+85.4","+37.3","+37.6",""
"219",="2722","夏都","60.7","-1.6","-2.57","+4.85","+17.3","+2.71","+6.82","+10.4","-8.66","+6.56","+9.43","-0.71","+6.57","-3.11","+6.05",""
"220",="6108","競國","17.5","-0.1","-0.57","+4.91","+14.2","+16.6","+16.9","+52.3","+64.7","+29.9","+9.2","-23.4","-44.1","-44.7","-37.8",""
"221",="4924","欣厚-KY","13.1","+0.1","+0.77","+18.6","+35.2","+14.4","+36.7","+41.8","+25.4","+41.9","+7.12","-12.9","+18.2","-9","+5.86",""
"222",="6141","柏承","17.1","0","0","+10.2","+34","+35.1","+57.7","+57.9","+16.9","+12.3","-15.2","-22.2","-28.9","-24.8","-10",""
"223",="9931","欣高","41.15","+0.15","+0.37","+30.6","+36","+30.5","+37.5","+38.7","+32.7","+26.8","+18","+20.5","+23.9","+24.5","+37.7","+39.8"
"224",="4760","勤凱","69.1","-1.5","-2.12","+6.32","+31.2","+25.7","+21.7","+35.3","+40.6","+19.6","-5.34","+0.16","-29.8","-26.9","-20.7","-15.8"
"225",="8416","實威","135","0","0","+16.3","-2.08","-45.1","-13.3","-18.3","-26.4","-16.3","-15.4","+1.93","+47.9","+64.3","+106","+112"
"226",="5340","建榮","55.6","-3.9","-6.55","+9.26","-8","-17.5","-21.9","-13.4","-15.5","+16.3","+33.1","+29.8","+41.6","+17.4","+21.5","+27.7"
"227",="3213","茂訊","67.3","-5.4","-7.43","+11.9","+24.4","+9.03","+11","-5.73","-12.7","+4.55","+10.7","+30.3","+31.3","+15.5","+12.6",""
"228",="4737","華廣","73","-0.3","-0.41","+6.3","+5.85","+31.5","+8.24","+3.04","+9.37","+13.5","+12.1","+4.06","-10.1","-8.76","+0.43",""
"229",="3226","至寶電","61.6","0","0","+16.1","+42.8","+38.8","+30.8","+44.1","+38.6","+16.5","+3.05","-11.3","-20.4","-1.25","-4.56",""
"230",="8996","高力","297","-33","-10","+36","+43.9","+9.05","+6.12","-2.27","-21.2","-3.99","+34.6","+62.4","+85.9","+105","+77",""
"231",="2612","中航","40.85","+0.25","+0.62","+10.8","+2.69","+1.63","+1.63","+4.02","-4.58","-1.1","-4.12","+4.43","+30.5","+33.5","+50.1",""
"232",="4961","天鈺","132.5","-6","-4.33","+30.4","-16.4","-4.74","-3.53","+40.2","+101","+135","+132","+71.1","+17.1","-24.9","-43.4","-37.8"
"233",="8462","柏文","150","-3","-1.96","+57.3","-40.4","+20.2","+207","+243","+246","+126","+7.73","-3.24","-26.7","-26","-37.7","-26.7"
"234",="6527","明達醫","90.5","-1.5","-1.63","+18.8","-12.2","-0.07","+25.2","+27.2","+36","+23.8","+30.9","+8.05","+24.9","+31.2","+12",""
"235",="2358","廷鑫","9.52","-0.13","-1.35","+20.7","+1.1","-3.07","+1.89","+22.3","+37.1","+83.2","+51.3","+25.8","+14.8","-2.36","-4",""
"236",="8358","金居","58.1","-2.8","-4.6","+28.4","-14","+11.8","+38.2","+149","+80.5","+60.8","+31.9","-4.42","-12.8","-12.3","-16.2",""
"237",="8011","台通","16.65","0","0","-16.4","-4.1","-1.7","-10.1","+0.19","-7.06","-11","-7.78","-36.5","-39.9","-34.1","-27.8",""
"238",="5328","華容","14.45","-0.1","-0.69","+15.5","+16.2","+15.6","+14.7","+2.44","+7.11","+32.6","+58.9","+52","+5.21","-18.1","-16",""
"239",="2353","宏碁","35.85","-1.05","-2.85","+10.7","-14.6","+4.75","+48","+62.8","+55","+36.6","+26.6","+8.06","-0.54","-28.1","-38.2","-32.2"
"240",="6158","禾昌","34.9","+1.15","+3.41","+11.2","+31.6","+31.2","+66.1","+55.6","+26.9","+16.9","+8.38","+8.94","-14.2","-30.2","-31.3","-35.3"
"241",="3494","誠研","7.07","-0.04","-0.56","-9.73","-25.4","-33.7","-34.8","-39.8","-36.9","+10.4","+13.5","+5.64","+24.8","-3.01","+12.3",""
"242",="4557","永新-KY","105","-1","-0.94","+42.7","-3.74","+6.18","+33.2","+70.9","+92.5","+119","+96.6","+54.7","+21.5","-12.3","-8.78",""
"243",="3483","力致","162.5","+4.5","+2.85","+30.8","+42.7","+37.5","+74.3","+79.4","+45.8","+27.8","+35.4","+3.72","-1.27","-1.09","-5.6",""
"244",="3290","東浦","25.1","-0.65","-2.52","+5.21","+9.43","+0.77","+14.3","+35.7","+27","+13.7","+10.4","+0.16","-8.32","-21.8","-24.2",""
"245",="2432","倚天酷碁-創","45","-0.85","-1.85","+44.9","","+13.6","","","","+76.5","","+169","","+11.2","+21.3","-21.8"
"246",="5203","訊連","104","-2","-1.89","-11.2","-9.74","-10.6","-0.23","-10.3","-8.4","-21.4","-27.6","-20.7","-2.66","+16.7","-20.5","-18.7"
"247",="3685","元創精密","22.35","+0.15","+0.68","+71.9","+6.16","+174","+140","+189","+233","+31","+37.3","+7.87","-4.49","-13.8","-9.11",""
"248",="1104","環泥","28.15","-1.05","-3.6","+17.9","+19.3","+7.3","-2.47","-11.3","+0.77","+5.08","+50.8","+47.5","+41.2","+32.3","+6.09",""
"249",="1533","車王電","56.9","-1.7","-2.9","+12.8","-10.8","-25.3","-6.52","+3.61","+17.6","+49.5","+39.8","+33","+18.6","+11.4","+9.59",""
"250",="1337","再生-KY","7.66","-0.01","-0.13","-3.24","+39.3","+2.1","+39.7","+62.2","+41.7","-53.1","-67.1","-65.4","-67","-1.01","+33.1",""
"251",="6426","統新","62.3","-2.5","-3.86","+7.81","+29.5","+34.4","+9.73","+39","+24.5","-11","-28","-32","-19.9","+6.7","+33",""
"252",="8183","精星","49","-1.2","-2.39","+32.6","-19","+27","+36.8","+81.2","+47","+6.18","+35.3","+27.1","+50.6","+57.2","+8.94",""
"253",="1734","杏輝","32.9","+0.1","+0.3","+9.54","+24","+20.2","+17.7","+6.02","+7.58","+2.34","+1.29","+2.57","+2.68","+5.68","+14.9",""
"254",="3713","新晶投控","25.4","-0.05","-0.2","+207","-2.82","+513","+305","+431","+196","+60.1","+207","+290","+166","+82.6","+32.9",""
"255",="2459","敦吉","58.2","-0.9","-1.52","+17","-34.1","-21.1","-1.81","+17","+37","+38.3","+58.1","+55.4","+18.3","+18","+2.25",""
"256",="6505","台塑化","81.4","+0.4","+0.49","+22.1","-28.2","-22.1","+5.85","+56.7","+61.9","+54.6","+38.3","+77.1","+35.4","+18.8","-11.6","-21.8"
"257",="4991","環宇-KY","32.45","-1.05","-3.13","+0.36","+4.95","+2.56","-6.27","-12.9","-10.3","-22.5","-12.2","+0.84","+19","+20.6","+20.3",""
"258",="4127","天良","14.35","-0.25","-1.71","+22.3","-6.68","-9.07","-18.9","+13.9","+20.1","+15.9","+29.4","+38.7","+51.2","+55.8","+55.4",""
"259",="1760","寶齡富錦","103.5","-2.5","-2.36","+18.9","+27","+56.4","+60.6","+45.2","+30.5","-5.73","-7.94","-3.96","-6.56","+3.24","+8.73",""
"260",="1474","弘裕","12.25","-0.15","-1.21","-0.51","-3.2","+11.8","+3.73","+6.55","+13","+2.76","+0.79","-7.38","-16","-12.5","-5.18",""
"261",="6469","大樹","427","+2","+0.47","+30.4","+40.4","+26","+8.23","+17.8","+31.3","+25.8","+33.1","+33.1","+38","+43.1","+37.1",""
"262",="2527","宏璟","23.85","0","0","+4.38","-9.81","-9.83","-15.3","-8.41","-9.95","-3.48","+14.2","+11","+24.3","+28.6","+27",""
"263",="5016","松和","29.1","0","0","+11.4","-13.7","-20.9","-8.39","-7.83","-7.09","+37.6","+26.7","+43.3","+62.6","+13.5","+7.94","+2.64"
"264",="6573","虹揚-KY","14.6","-0.4","-2.67","-12.1","-8.79","-8.22","-9.25","+6.25","+27.2","-4.24","-15","-26.2","-36.3","-35.2","-23",""
"265",="5514","三豐","20.25","0","0","+20.9","+9.4","+12","+6.63","+10.6","+17.7","+18","+22.8","+30.7","+30.3","+32.6","+30.7","+29.7"
"266",="2634","漢翔","58","-0.3","-0.51","+10.3","+26.8","+24.2","+6.73","-2.95","-0.07","-1.97","-0.79","+6.83","+10.4","+13.1","+18.7","+22.8"
"267",="1737","臺鹽","34.5","0","0","+10.5","-0.26","-1.93","+19.6","+30.8","+77.8","+25.2","+11.8","-14.9","-35.9","+3.13","-0.23","+11.5"
"268",="8284","三竹","61.1","-0.7","-1.13","+215","+3.62","+5.18","+753","+464","+256","+851","+103","+69.9","+73.2","-9.97","+6.75","+1.39"
"269",="1795","美時","286","-6","-2.05","+34.6","-21.9","+64.5","+65.4","+84.4","+50","+39.2","+44.5","+14.8","+18","+8.34","+13.4",""
"270",="3188","鑫龍騰","14.75","-0.05","-0.34","+23.3","+17","+12.6","+4.95","-18","-15.4","-4.61","+46.4","+67.7","+72.8","+58.9","+16.6","+20.7"
"271",="1342","八貫","107","-4.5","-4.04","+24.5","-1.23","+2.59","+6.44","+16.9","+48.9","+66.8","+62.8","+53.6","+25.9","-8.01","-4.84",""
"272",="4987","科誠","60.4","-0.9","-1.47","+17.5","-5.44","-5.68","-0.47","+7.8","+17.2","+36.5","+29.5","+25.5","+32.1","+26.7","+29.3",""
"273",="4192","杏國","48","0","0","+173","+451","+524","+926","+5.53","-2.21","-3.75","-14.1","-15.7","+13.8","+1.73","+20.2",""
"274",="1463","強盛","15.05","0","0","+39.8","-10.7","+13.1","+51","+65.5","+74","+49.6","+42.2","+34.7","+32.2","+42.9","+42.7",""
"275",="8403","盛弘","35.95","-0.75","-2.04","+5.43","+23.8","+37.2","+19.2","+16.8","+12.4","-12.5","-1.62","-8.38","-10.2","-6.23","-10.7",""
"276",="6418","詠昇","22.2","+2","+9.9","+6.63","+11","+10.5","+17.6","+44.6","+31.9","+49.2","+6.49","-8.82","-26.8","-28.6","-19.8","-7.59"
"277",="5345","天揚","5","0","0","+43.2","+97.8","+120","+107","+97.1","+39.3","+22","+0.61","-13","-5.54","-5.74","+15.1",""
"278",="6593","台灣銘板","79.8","+0.4","+0.5","+15.6","+68.7","+2.76","+1.95","-11.4","+14.7","+41","+45.6","+22.4","-1.07","-8.52","-5.13",""
"279",="5272","笙科","25.55","-0.5","-1.92","+25.7","-24.5","-10.7","-9.18","-12.4","+17.8","+19.5","+53.6","+79.7","+85.7","+66.3","+22.6","+19.9"
"280",="5258","虹堡","123","-2","-1.6","+24.6","+19.4","+0.12","-0.4","+1.8","+7.45","+33.7","+49.8","+49.3","+41.4","+37.2","+31.1",""
"281",="4907","富宇","36.85","-0.1","-0.27","+19.4","+13.5","+0.69","+0.69","+10.5","+14.4","+15.1","+26.9","+17.4","+23.4","+39.5","+33.6","+37.1"
"282",="6570","維田","60.8","-1.9","-3.03","+33.7","+2.79","+3.46","+24.4","+37.1","+52","+74.8","+69.2","+48.3","+34.5","+20.6","+3.71",""
"283",="6257","矽格","51.9","-0.6","-1.14","+28.6","+16.8","+9.11","+17.6","+52.8","+53.5","+64","+66.9","+16.6","+27.5","+15.7","+0.02","+2.36"
"284",="4943","康控-KY","14.15","-0.2","-1.39","-7.01","-17.5","+21.5","+30.9","+75.1","+21.5","-16.1","-31.3","-53.8","-50.1","-34.7","-22.5",""
"285",="6192","巨路","80.9","-0.7","-0.86","+22.2","+5.63","+1.92","+15.1","+22.2","+27","+17.3","+14.1","+24.3","+26","+43.7","+47.3",""
"286",="2360","致茂","259","-13.5","-4.95","+21.6","+15.3","+13.7","-0.09","+0.46","+23.8","+29.3","+44.2","+43.8","+27.4","+21.4","+18.7",""
"287",="4927","泰鼎-KY","61.6","0","0","+25.8","-5.76","+23.7","+20.7","+19.4","+69.1","+67.8","+66.8","+49.7","+5.44","-17.1","-16.2",""
"288",="7402","邑錡","80.6","-0.5","-0.62","+1.01","-17.3","-20","-16.3","-31","+3.91","+21.9","+31.9","+28.7","+12.4","-1.7","-1.43",""
"289",="8068","全達","27.45","-0.4","-1.44","+168","-94.9","+35.6","+93.9","+328","+1490","-25.6","+13.5","-35","+28.3","+27.5","-10.6",""
"290",="6533","晶心科","389.5","-25.5","-6.14","+6.92","+14.7","+24.3","-34.3","-30.6","-43.3","-43.2","-12.7","+23.6","-4.73","+93.7","+88.8",""
"291",="8390","金益鼎","47.85","+1.45","+3.12","+12","+4.28","-2.14","+7.89","-7.04","-4.53","-1.27","+9.04","+48","+42.8","+28.6","+5.94",""
"292",="6664","群翊","132","-3","-2.22","+27.4","-1.31","+18.6","+21.2","+29.3","+42.4","+28.8","+24.4","+24.4","+33.8","+41.6","+37.9",""
"293",="2020","美亞","26.1","-0.9","-3.33","+18.4","+22.1","+24.4","+28","+27.6","+29.1","+51.8","+32.1","+21.2","-2.78","-20.1","-10.9",""
"294",="1707","葡萄王","167","-9","-5.11","+7.26","+23.3","+26.2","+22.2","+13.3","+8.7","+4.32","-3.04","-8.51","-6.53","-4.29","+4.26",""
"295",="2729","瓦城","336","+20","+6.33","+8.7","-12","-17.4","-2.94","+19.7","+18.6","+42","-11.8","-3.47","+5.27","+2.19","+55.5",""
"296",="2383","台光電","406.5","-37","-8.34","+14.9","+40.9","+27.5","+29.6","+45.5","+36.3","+47.6","+24.8","+28.1","-11.7","-22.5","-31.9","-35.8"
"297",="1521","大億","35.35","-0.45","-1.26","+6.92","+32.6","+16.1","+21.3","+32.7","+25.6","+12.5","-6.22","-11.8","-21.2","-10.2","-4.18","-4.05"
"298",="8478","東哥遊艇","447.5","-38.5","-7.92","+3.48","-11.4","-12.2","-17.9","-17.4","-12.2","+1.33","-1.21","+17.3","+20","+19.7","+23.8","+32"
"299",="3205","佰研","48.1","-1.8","-3.61","+14.9","+149","+41","+14.2","+18.6","+19.4","-13.1","-12.2","-15","-26.4","-2.21","-9.24",""
"300",="6171","大城地產","21.45","-0.05","-0.23","+11.1","+69.1","+25.3","-4.74","+14.6","+4.18","+11.8","+47","+24.6","-20.9","-10.9","-13.6","-13.7"
"301",="2408","南亞科","67.1","-1.8","-2.61","+22.8","-12","-22","-30.8","-33.2","-29.7","-17.8","-3.68","+27.6","+74.3","+101","+121","+98.4"
"302",="8927","北基","49.8","-0.4","-0.8","+25.1","-8.46","+5.6","+29.2","+22.3","+28.6","-0.94","+18.1","+20.9","+36.1","+74.2","+50.9",""
"303",="1110","東泥","19.7","-0.2","-1.01","+18.7","+40.2","+35.8","+44.1","+27.8","+1.79","-4.89","-5.9","+7.59","+14.2","+20.8","+24.1",""
"304",="6655","科定","123","+0.5","+0.41","-5.67","-13.5","-12.7","-18.9","-17.2","-10.5","-3.72","-0.91","+1.44","+5.4","+1.29","+7.12",""
"305",="2348","海悅","65.7","-0.4","-0.61","+88.4","+148","+78.7","+122","+148","+166","+140","+71.3","+34.6","+16.9","+22.9","+24.2",""
"306",="2515","中工","9.98","-0.12","-1.19","+7.83","+5.67","+6.46","+6.6","+6.48","+6.4","+4.47","+4.55","+6.4","+9.32","+12.5","+17.3",""
"307",="1815","富喬","13.8","-0.25","-1.78","-2.21","-1.1","-24.3","-33.1","-40.9","-41.2","-14.3","+11.8","+33.6","+40.3","+23.9","+21.1",""
"308",="5522","遠雄","57.3","-0.3","-0.52","+3.76","+8.88","+5.3","+10.9","+6.97","+4.68","+1.71","+2.6","+0.71","-2.34","+5.29","-0.96","+1.38"
"309",="6163","華電網","17.6","-0.35","-1.95","+13.2","+26.1","+40.7","+52.4","+35.2","+22.7","+26.6","+8.22","+6.29","-3.84","-37.2","-32.5",""
"310",="6186","新潤","49.2","-0.25","-0.51","+34.4","+99.8","+101","+75.1","+4.44","-1.49","-3.45","+9.43","+29.8","+31.3","+15.7","+16.2",""
"311",="1789","神隆","29.05","-1.7","-5.53","+3.37","+9.1","+10.8","+11.5","+11.5","+1.69","+7.96","-8.67","-12.6","-5.07","-11.6","+8.01","+17.9"
"312",="2014","中鴻","25.15","-0.2","-0.79","+34.9","-40.9","-35.6","-26.6","+15.5","+108","+200","+151","+104","+7.85","-23.2","-23.2","-17.7"
"313",="2530","華建","25.9","+0.1","+0.39","+73.8","+6.1","+41.1","+72","+184","+178","+125","+102","+32","+32.3","+21.7","+17.7",""
"314",="2059","川湖","787","-70","-8.17","+29.5","+7.32","-0.13","+5.48","+22.1","+73.2","+99.4","+83.7","+69","+23.3","-0.63","-11.6","-16.7"
"315",="6592","和潤企業","132.5","+0.5","+0.38","+14.4","-50.7","+63.2","+71.8","+113","-26.7","-29.5","-41.5","-34.4","-34.4","+101","+38.8","+2.28"
"316",="3321","同泰","6.9","+0.01","+0.15","+0.87","-10.1","-2.75","+4.65","+23.7","+17.6","+17.7","+18.8","+18.6","-0.96","-22.2","-30.3","-24.3"
"317",="2412","中華電","118","+1","+0.85","-13.2","-15.2","-28.5","-30.5","-36.5","-13.8","-8.72","+1.33","-3.88","-5.68","-0.1","-3.9",""
"318",="4190","佐登-KY","71.2","-1","-1.39","+3.41","+11","+6.26","+2.26","+0.05","-2.12","-5.49","+3.43","+7.08","+10.2","+3.79","+1.13",""
"319",="3325","旭品","31.75","+0.15","+0.47","+9.41","+28.1","+22.5","+23","+53.1","+20.7","+10.7","+19.9","-25.7","-19.1","-10.6","-19",""
"320",="6227","茂綸","45.85","+0.05","+0.11","+49.8","-0.99","+17.2","+15.6","+21.8","+19.9","+15.4","+60.5","+111","+103","+127","+57.1",""
"321",="6803","崑鼎","312.5","-3.5","-1.11","+7.76","+8.22","+3.34","-7.05","-6.45","+1","+10.6","+8.46","+14.2","+24.9","+21.4","+8.54","+5.82"
"322",="3202","樺晟","16.55","-0.1","-0.6","+12.7","-11.1","+1.58","+39.2","+59.2","+19.7","+4.83","-0.68","+1.6","+13.4","+6.78","+5.1",""
"323",="6612","奈米醫材","132.5","+2","+1.53","+19.3","+2.35","+1.87","+9.49","+14.3","+33.1","+19.4","+14","+14.8","+26","+35.4","+41.6",""
"324",="4960","誠美材","11.75","-0.15","-1.26","+6.52","-31.3","+16.7","+19.7","+58.5","+10.9","-2.95","+12.7","+2.79","-11.9","+1.33","-3.51","+5.16"
"325",="4205","中華食","103.5","-0.5","-0.48","+16.6","+25.9","-10.2","+5.81","-3.17","-2.64","+8.45","+25.5","+10.1","+24.5","+38.2","+23.9","+53.1"
"326",="2243","宏旭-KY","14.75","-0.8","-5.14","+6.09","+0.01","+16.4","+18.5","+29.8","+10.8","+12.5","+9.9","-7.81","-3.7","-7.24","-12.1",""
"327",="5543","桓鼎-KY","46.5","-0.05","-0.11","+160","-23.5","-4.21","+14.2","+64.5","+455","+436","+357","+364","+60.3","+16.8","+14.8",""
"328",="1560","中砂","123","-4","-3.15","+9.72","-7.37","+3.24","+2.57","+0.01","-0.56","+2.1","+8.85","+17.1","+23.2","+25.3","+21.9","+20.4"
"329",="2740","天蔥","37.4","0","0","+5.58","+31.6","-32.4","+22.4","+21.7","+5.1","+128","-6.79","-39.4","-59.1","-32.3","+22.9",""
"330",="1321","大洋","34.65","-0.05","-0.14","+16.1","+0.61","-0.33","+23.9","+74.2","+50.3","+89.7","-10.6","-4.63","-3.08","-45","+2.18",""
"331",="6281","全國電","85","+0.1","+0.12","+8.83","+12.1","+5.71","+6.65","-0.6","+3.02","+13.5","+10.4","+28.4","+16.5","-5.42","+13.1","+2.66"
"332",="8917","欣泰","65","-0.1","-0.15","+1.35","-30.5","-5.36","-9.36","-14.7","-9.09","-11","-8.29","+7.56","+31","+30.1","+20.9","+14.9"
"333",="2324","仁寶","30","-1.55","-4.91","+14.7","-5.75","+22.6","+3.92","+37.2","+24.9","+19.6","+48.9","+25.1","+1.47","-2.97","-13.3",""
"334",="2303","聯電","45.15","-0.45","-0.99","+14.5","+14.4","+3.86","+0.45","-3.87","+1.25","+2.03","+14.3","+21.8","+30","+35","+28.7","+26.4"
"335",="5519","隆大","22.55","+0.1","+0.45","+10.5","-6.13","+6.13","+17.5","+11","+31","+17.3","+8.45","+15.1","+2.77","+7.38","+6.04","+9.64"
"336",="2114","鑫永銓","100.5","-1","-0.99","-2.37","+12.5","+1.74","+13.9","+32.3","+9.98","+8","-15.2","-24","-17.8","-20.4","-24.6","-4.9"
"337",="1905","華紙","26.05","-1.55","-5.62","+5.55","-4.47","-2.85","-8.73","-9.36","+8.92","+13.4","+17","-1.03","-2.51","+16.5","+34.2",""
"338",="2924","宏太-KY","29.15","0","0","-53.9","-20.8","-18.1","-17","-18.1","-23.1","-69.2","-86.2","-92.8","-95","-86.1","-66.5",""
"339",="8442","威宏-KY","81.3","-1.5","-1.81","+18.1","-26.2","-16.9","+6.25","+17.8","+37.5","+50","+52.6","+41.5","+34.7","+11","-9.21",""
"340",="6768","志強-KY","63.6","-0.2","-0.31","+8.79","","-23.7","-32.4","+12.9","-7.24","-7.82","+26.1","+57.1","+56.3","+17.4","-10.6",""
"341",="8354","冠好","14.35","-0.1","-0.69","-5.81","-8.59","-16.3","-26","-9.17","+1.18","+15.7","+20.8","+11.2","-1","-26.2","-25.4",""
"342",="8410","森田","52.6","+0.4","+0.77","+7.85","+33.1","+35.3","+34.4","+60","+12.6","-12.7","-19.7","-17.7","-12.7","-12.7","-13.5",""
"343",="2101","南港","37.75","-0.4","-1.05","+28.6","+5.58","+16.5","+15.5","+26.1","+35.4","+36.3","+43.1","+38.4","+39.7","+31.3","+26.2",""
"344",="6209","今國光","26.9","-0.75","-2.71","+3.35","-2.56","+5.93","+5.97","+19.7","+28.2","+17.5","+9.97","-5.77","-12.8","-16.4","-12.9",""
"345",="3556","禾瑞亞","60.6","-0.7","-1.14","+45.3","+34.4","+50.1","+58.4","+32","+10","+12.9","+26.8","+43.1","+75.3","+71.7","+67.4","+61.5"
"346",="4743","合一","183.5","-0.5","-0.27","+35.3","-0.68","+3.8","+11.6","+38.9","+37.5","+62","+53.8","+45.9","+54.6","+37","+44.3",""
"347",="1315","達新","71","0","0","+6.43","-1.87","-3.47","-2.86","+3.18","+2","+24.6","+34.2","+11.9","+7.56","-0.93","-3.54",""
"348",="1410","南染","39.05","-0.95","-2.38","+27.9","+2.11","+30.8","+27.1","+55.4","+57.6","+46.2","+68.3","+40","+15.7","-15.5","-20.8",""
"349",="6414","樺漢","262.5","-12.5","-4.55","+27","+14.2","+11.2","+13.9","+16.8","+23.8","+24.4","+39","+45.3","+49","+37.7","+22.1",""
"350",="1457","宜進","17.35","-0.05","-0.29","-1.61","-21.2","-27.8","-12.9","-1.56","+5.24","+17","+18.8","+10.4","+4.45","-3.7","-6.38",""
"351",="1339","昭輝","45.9","-0.2","-0.43","+3.72","-1.08","+14.7","+18.6","+10.2","+7.79","+3.61","+0.83","-6.21","-5.43","-4.3","+2.06",""
"352",="6264","富裔","7.54","+0.04","+0.53","+28.9","-11.8","+8.02","-1.21","-2.38","+59.9","+70.1","+87.9","+86.5","+11.9","+2.58","+5.88",""
"353",="1720","生達","64.7","+2.7","+4.35","+18","+0.25","-2.31","+12.3","+11.2","+6.46","+36.3","+27.5","+40.1","+36.6","+13.9","+17.1","+16.5"
"354",="9912","偉聯","10.4","-0.1","-0.95","+5.5","-22.6","-35.2","-26.8","-31","+17.9","+44.5","+47.7","+75.3","+5.67","-8.05","-6.94",""
"355",="3085","新零售","20.05","-0.55","-2.67","+39.3","-57.9","-60.5","-64","-67.4","-71.3","-88.3","-83.6","-80.1","+103","+419","+483",""
"356",="2221","大甲","36.2","-0.2","-0.55","+8.14","+0.73","-3.12","+10.1","+11.8","+17.1","+24.1","+8.22","+12.4","+4.19","+0.3","+3.75",""
"357",="8472","夠麻吉","36.1","-1.3","-3.48","+47391","","","","","","","","","","+91280","+3501",""
"358",="2903","遠百","21.9","+0.1","+0.46","-3.72","-8.85","-14.6","-4","+3.26","-5.43","+2.81","-2.19","+5.15","-8.4","-2.8","-5.88",""
"359",="5520","力泰","62.6","-1.2","-1.88","+14.3","+14","+28.6","+16.8","+14.6","+39.8","+36.5","+10.1","+2.31","-8.11","+5.54","-2.86",""
"360",="9950","萬國通","18","-0.85","-4.51","-5.24","-2.69","-16","-14.4","-21.8","-17.3","+6.46","-6.52","+3.17","+1.55","-5.72","+15.6",""
"361",="6641","基士德-KY","47.1","-0.85","-1.77","+1.4","-18.4","-17.9","-10.4","+3.17","+14.6","+10.9","+5.24","+7.47","+2.73","+13.4","+4.61",""
"362",="1595","川寶","39","-0.45","-1.14","+17.2","-2.84","-4.01","-13.1","+3.38","+12.7","+9.86","+20","+26.4","+34","+54.2","+48.2",""
"363",="8454","富邦媒","580","-13","-2.19","+26.8","+40.4","+40.9","+25.4","+3.37","+30.8","+9.98","+30.8","+54.8","+18.1","+20.1","+20","+26.5"
"364",="4540","全球傳動","36.2","-0.65","-1.76","+30.8","-3.89","+2.52","+23","+46.5","+53.3","+66.8","+52.7","+25.8","+24.8","+26.2","+20.6",""
"365",="1340","勝悅-KY","12.4","-0.2","-1.59","+8.52","-17.8","-42.4","-7.93","+26.8","-13.1","+122","+37.4","-50.6","+8.84","+17.8","+12.1",""
"366",="6606","建德工業","25.1","-0.4","-1.57","+19.7","","-1.84","","+1.67","","+19.6","","+35.8","+32.9","+26.4","+23.6",""
"367",="4770","上品","294","-11","-3.61","+34.8","","+1.73","+3.49","+10.4","+24.8","+60.7","+62.4","+46.1","+49.6","+47.6","+38.5","+38.1"
"368",="6823","濾能","73.1","-0.9","-1.22","+53.1","","+108","","-30.1","+29","+90.9","+194","+99.4","+29.2","-23.2","-19.7",""
"369",="2603","長榮","107","+0.5","+0.47","+44.2","-35.1","-35.5","+32.7","+81","+86.4","+99.1","+70.4","+93","+55.6","+32","+6.71",""
"370",="1796","金穎生技","91","-0.5","-0.55","+15.2","-6.07","+10.4","+20.8","+19.8","+23.4","+4.86","-1.78","+4.7","+9.22","+24.2","+42.8","+29.9"
"371",="2504","國產","27.2","-0.45","-1.63","+13.8","-35.4","+34.4","+36.4","+35.3","+33.9","-13.2","-29.8","-14","+7.6","+29.1","+51","+30.1"
"372",="2015","豐興","68.3","-0.3","-0.44","+19.6","-18.8","-23.3","+11.5","+55.5","+52.5","+124","+42.7","+23.1","+12.5","-15.7","-11.7","-17"
"373",="2534","宏盛","19.85","-0.15","-0.75","-5.79","+19.5","+22.5","+16.8","+16.1","-3.06","-20.8","-21.4","-28.7","-27.5","-21.5","-15.9",""
"374",="3094","聯傑","28.35","-0.7","-2.41","+18.8","+13.7","-7.99","-33.1","-26.7","+0.01","+37.5","+59.1","+105","+73.2","+28.3","-3.71","-18.8"
"375",="2705","六福","18.75","-0.4","-2.09","-15.8","+0.95","0","+2.89","+7.58","+8.15","-45.8","-50.6","-55.2","-52.9","+1.26","+10.1",""
"376",="6215","和椿","25.35","-0.5","-1.93","+5.62","+4.17","-5.83","-6.25","-10.6","-9.44","+27.7","+39.4","+32.7","+15.6","-13.2","-12.4",""
"377",="5009","榮剛","47.45","-0.8","-1.66","+10.3","-13.3","-5.21","-0.54","+11.7","+9.67","+18.6","+13.6","+12.5","+22.7","+20","+23.1",""
"378",="1234","黑松","39","-0.1","-0.26","+0.75","-5.49","-4.48","-4.53","-0.42","+1.72","+3.31","+0.82","+8.29","+8.45","+4.51","+0.45","-3.58"
"379",="1454","台富","17.8","-0.15","-0.84","-1.4","-27.7","-23.4","-28.6","-17.6","+4.73","+16.2","+16.5","+27.5","+9.35","+0.35","+7.4",""
"380",="4933","友輝","41.3","+1.2","+2.99","+9.45","-9","+24.4","+25.7","+23.8","+57.5","+20.3","+2.16","+18.6","+5.53","-20.3","-14.2","-21.1"
"381",="8908","欣雄","69.3","-0.4","-0.57","+104","+131","+238","+235","+244","+75.2","+17.8","+17","+29.5","+34.5","+68.1","+55.3",""
"382",="2614","東森","16.2","-0.6","-3.57","+39.2","+244","+26.5","+21.1","+10.5","+5.94","+9.91","+16.4","+29","+29.1","+17.2","+21.6",""
"383",="2756","聯發國際","125","+2","+1.63","+8.09","","-41.6","-34.6","+24.6","+45.5","+20.2","+35.9","-6.5","-16.9","+19.1","+35.2",""
"384",="5274","信驊","2185","-95","-4.17","+68","+188","+102","-10.7","-35.5","-50.2","-5.15","+55.9","+92.1","+159","+154","+97.5",""
"385",="1806","冠軍","9.81","-0.06","-0.61","-15.6","-43.3","-39.5","-39","-1.74","-14.2","-21","-16.7","-18.1","-5.19","+11.9","+14.8",""
"386",="9908","大台北","32.9","-0.1","-0.3","-4.92","-0.85","-2.4","+2.78","+4.38","-5.95","-4.79","-12.1","-16.1","-14.2","-8.34","-3.95","+2.44"
"387",="2440","太空梭","13.65","+1.2","+9.64","+11.7","+5.57","+12.2","+46.2","+55.3","+4.39","+59.8","+17.5","+5.33","-18.7","-28.2","-31",""
"388",="1455","集盛","9.8","-0.05","-0.51","+16.1","-45.3","-34.1","-22.9","+40.3","+81.8","+108","+64.4","+18","+0.27","-16.3","-16.6",""
"389",="6679","鈺太","346","-17.5","-4.81","+34.6","+35.5","+32.4","+11.6","+12.3","+17.2","+27","+56.2","+58.8","+71.9","+55.8","+22.2","+14"
"390",="9962","有益","17.35","-0.55","-3.07","+17.4","-18.7","-19.6","-33.6","-8.74","+109","+95.1","+84.9","+41.6","-25.5","-23.6","+2.1","+6.49"
"391",="2645","長榮航太","112.5","-2","-1.75","+12.8","","+0.42","","-12","","+9.41","","+16.9","+28.6","+19.1","+27.1",""
"392",="2540","愛山林","94.6","+0.1","+0.11","+27.8","+15.2","+17.4","+16.2","+11.4","+16.5","+23.1","+36.5","+44.9","+44.6","+45.5","+34.8",""
"393",="5312","寶島科","80.2","-6.1","-7.07","-1.74","-1.92","-0.45","-0.62","+3.54","-5.4","-3.58","-7.96","-7.81","-1.18","-0.12","+6.37",""
"394",="3520","華盈","17","-0.75","-4.23","+9.72","-8","+10.9","+20.3","+22.8","+41.4","+42","+7.51","-1.83","-3.13","-18.3","-6.82",""
"395",="2731","雄獅","154","-5.5","-3.45","+54.4","","","","","","","","","","+87.6","+21.3",""
"396",="4188","安克","20.5","-1.8","-8.07","+5.94","+30.7","+9.17","+4.39","+5.63","-4.41","-0.48","-2.7","-2.98","+2.61","+9.84","+6.81","+12.8"
"397",="8039","台虹","42.45","-0.25","-0.59","+23.1","-15.3","+36.6","+51.5","+72.9","+80.9","+45.7","+30.2","+22.5","+10.1","-5.25","-23.6","-29.7"
"398",="4129","聯合","65.2","-1.9","-2.83","+3.38","-6.41","-2.44","-2.72","+1.64","+4","-2.32","+1.03","+1.69","+7.4","+18","+17.4",""
"399",="1597","直得","67.4","-0.1","-0.15","+2.05","-13","-12.6","-19.4","-22.7","-23.2","-20.7","-10.2","+8.32","+28.4","+43.8","+37.3","+28.6"
"400",="8936","國統","32.2","-1.05","-3.16","-18.6","-10.4","+14.7","+3.15","+13","+15.4","+21.2","+24","-66.2","-70","-74.6","-74.8",""
"401",="5468","凱鈺","17.1","-0.15","-0.87","+197","+17.7","-19.7","+11.9","+6.02","+26.6","+99.9","+151","+605","+543","+454","+271",""
"402",="1304","台聚","23.85","-0.25","-1.04","+24.6","-21.2","-12.7","-4.42","+49.2","+48.5","+76.9","+62.1","+54.6","+30.2","-5.27","-7.98",""
"403",="2031","新光鋼","50.6","-0.4","-0.78","+21.2","+9.58","+12.1","+8.09","+20.5","+19.9","+70.6","+65","+62.4","+22.4","-18.6","-7.74","-10"
"404",="6139","亞翔","73.6","-3.1","-4.04","-2.35","+32.3","-23.6","-28.9","-17.2","-39.4","-11.7","+17.2","+3.37","+27.9","+14.7","-0.58",""
"405",="2618","長榮航","36.6","+0.45","+1.24","+1.6","-2.47","-2.9","-11.9","-14.1","-11.1","-0.22","+2.64","+9.01","+15.9","+13.2","+19.7",""
"406",="1436","華友聯","63.1","-0.1","-0.16","+16.1","+18.6","+32.2","+9.7","+12.4","+31.5","+31.2","+33.8","+24.3","-2.99","-6.28","-6.92",""
"407",="2597","潤弘","102","-1","-0.97","+23","+9.6","-3.72","-12.9","-2.11","+7.65","+35.1","+65.7","+70.9","+47.1","+25.4","+10.5",""
"408",="5474","聰泰","116.5","-11.5","-8.98","+25.3","+97.7","+102","+70.1","+22.2","+22.7","+12.7","-3.68","-6.33","-12","-6","+0.7","+4.31"
"409",="5905","南仁湖","12.2","-0.2","-1.61","+105","+728","+136","+79.5","+80","+86.6","+5.45","+4.18","+4.4","+5.16","+9.73","+15.6",""
"410",="3118","進階","30.35","-0.3","-0.98","+5.92","-8.9","-17.1","+10.5","+1.37","-17.8","-11.6","-3.02","+7.38","+39.5","+31.2","+21.4","+18.1"
"411",="6136","富爾特","18.65","-0.05","-0.27","+5.32","-4.04","-4.75","+24.7","+44.9","+8.32","+31.9","-14.2","-23.4","+0.67","-7.09","+1.55",""
"412",="2442","新美齊","18.1","-0.3","-1.63","+16.4","+114","+13.4","+10.5","-12.6","-10.5","-2.84","-0.93","+5.48","+16.9","+22.5","+24.2",""
"413",="6789","采鈺","208","-5","-2.35","+17.1","","+49.6","","+32.1","+36.1","+12.6","+15.8","+31.3","-2.13","-11.4","-9.76",""
"414",="2916","滿心","48.35","+0.35","+0.73","-0.98","-8.56","-15.7","-18.4","-4.8","+4.86","+6.35","+9","+5.48","-3.14","+7.25","+6.91",""
"415",="8034","榮群","17.9","-0.6","-3.24","+19.4","-9.8","+41","+34.8","+31.9","+47.7","+8.06","+14","+8.86","-14","-13.8","+42.9","+41.3"
"416",="2501","國建","15.65","0","0","+16.5","+7.93","+9.18","-2.81","+14","+16.6","+24.1","+38.3","+27.5","+25.9","+14.8","+5.78",""
"417",="4908","前鼎","51.2","-1","-1.92","+16.2","+31.2","+23.7","-2.04","-10.8","-14.9","+22.5","+49.5","+51.1","+28.3","-0.07","-0.66",""
"418",="2539","櫻花建","47.7","-0.35","-0.73","+13.9","+18.1","+35.3","+32.3","+36.3","+19.2","+16.2","+12.8","+0.63","-3.62","+1.86","-5.09","+2.44"
"419",="6219","富旺","22.6","+0.1","+0.44","+7","+15.7","-1.72","+13.5","-6.66","-9.31","+0.27","-12.4","+2.09","+9.02","+32.9","+33.7",""
"420",="1536","和大","63.4","-0.7","-1.09","+26.9","+9.09","+0.77","-0.16","+0.29","+25.7","+61.1","+77.2","+67.3","+35.1","+13","+6.12",""
"421",="1580","新麥","127.5","-4.5","-3.41","+13.9","-8.56","-1.11","+4.17","+30.8","+38.2","+32.8","+40.5","+18.2","+11.3","+1.06","-14.7",""
"422",="6589","台康生技","96.5","-4.5","-4.46","+78.8","-18.9","-1.85","+46.9","+101","+171","+157","+127","+117","+81.1","+78.7","+50.9","+36.1"
"423",="2547","日勝生","9","-0.04","-0.44","-4.96","-2.68","-9.85","-8.15","-9","-0.62","-6.3","-6.11","-5.44","-8.75","-0.41","+2.7",""
"424",="1532","勤美","38.25","-0.05","-0.13","+9.41","+27","+2.99","+6.23","+14.9","+10.4","+9.83","+5.27","-1.95","+3.83","+10.2","+14.9",""
"425",="1616","億泰","10.65","-0.25","-2.29","+8.25","-30.4","-17.8","-10.2","+8.9","+26","+24.1","+38.3","+25.2","+8.82","+15.7","+2.11",""
"426",="3611","鼎翰","238.5","-8","-3.25","+26.1","-8.09","-9.56","-3.77","+6.5","+32.9","+48.6","+52.9","+50.5","+56.5","+40.3","+20",""
"427",="1722","台肥","62.6","-0.8","-1.26","+10.7","+3.85","+15.4","+14.3","+2.05","+0.51","-3.95","+2.93","+46.6","-1.2","+17.4","+19.8",""
"428",="4114","健喬","39.5","-0.2","-0.5","+10.6","+52.2","+26.4","+18.3","+3.23","-7.41","-2.05","-1.02","-5.56","+6.74","+11","+14.8",""
"429",="6671","三能-KY","39.75","-0.05","-0.13","+5.86","+1.94","+15.4","+14","+13.6","+26.7","+20.4","+28.6","+3.74","-17.1","-17.8","-25.2",""
"430",="8466","美吉吉-KY","45.85","-0.25","-0.54","+14.8","-4.52","+2.05","+15.2","+71.6","+90.9","+45.9","+37.2","-14","-26.2","-26.6","-28.3",""
"431",="6591","動力-KY","50.3","+0.5","+1","+34.6","+53.1","+96","+99","+138","+61.6","+39.9","+9.24","-19.9","-26.9","-39","-30",""
"432",="3577","泓格","80.8","+2.2","+2.8","+29.7","-6.83","-8.52","-5.38","+5.23","+31.4","+53.1","+74.7","+69.7","+46.7","+40.4","+32.1","+23.8"
"433",="1589","永冠-KY","55.4","-1.1","-1.95","+14.7","-11.4","+8.05","+6.75","+24.8","+31.9","+25.4","+31.8","+17.2","+13.3","+11.9","+1.78",""
"434",="3622","洋華","34.65","-0.85","-2.39","+26.3","+0.86","+71.7","+50.7","+51.2","+107","+65.7","+37.2","+4.7","-16.2","-27.4","-23.9","-6.07"
"435",="3541","西柏","41.8","-0.9","-2.11","+15.8","-14.7","-17.2","-12.4","+21.4","+55.5","+63","+47.6","+21.4","-2.22","+1.9","+11.5","+13.5"
"436",="6259","百徽","19.1","0","0","+72.2","+32.5","+74.3","+48","+159","+274","+164","+112","+29.6","-16.1","-37.1","-44.9",""
"437",="5213","亞昕","25.55","-0.05","-0.2","+29.3","+21","+43.7","+42.7","+32.2","+32.5","+27.2","+34.4","+31.1","+28.3","+15.6","+13.5",""
"438",="1583","程泰","66.8","+0.1","+0.15","+2.94","-19.8","-14.9","-11.9","-5.75","+4.5","+9.48","+15.3","+21","+11.9","+13.7","+8.85",""
"439",="4714","永捷","13.1","-0.2","-1.5","+55.2","-19","+18.7","+45.9","+47","+65.4","+68.4","+36.6","+62.9","+109","+84.5","+87.8",""
"440",="5347","世界","74","-0.3","-0.4","+24.2","-19.6","-1.13","+11.9","+25.8","+32.6","+31.2","+27.1","+27.7","+27.2","+45.9","+44.7","+37.1"
"441",="5425","台半","81.1","-2.3","-2.76","+26.7","-3.3","+2.23","+9.25","+13.1","+28.6","+35.8","+41.1","+43","+50.4","+43.2","+29.9",""
"442",="6432","今展科","34.75","+1.15","+3.42","+20.9","+31.5","+37.4","+79.9","+67.4","+79.5","+38.6","+2.73","-13.2","-39.3","-35.2","-20",""
"443",="1453","大將","13.7","-0.1","-0.72","+30.3","+23.6","+43.5","+53.1","+59.7","+11.3","+63.7","+38.4","+33.6","+22.3","-14.9","-1.33",""
"444",="4807","日成-KY","18.5","-0.35","-1.86","+8.66","+6.91","+16.7","+41.8","+54","+39.2","+7.69","-17.5","-16.6","-25.1","-11.8","-0.12",""
"445",="6234","高僑","30.7","-1.7","-5.25","+12.3","-1.12","+6.34","+11.8","+12.1","+13.9","+4.7","-34.8","+9.86","+23.3","+13.2","+76.3",""
"446",="5324","士開","9.75","-0.25","-2.5","+105","+40.2","+117","+260","+246","+209","+114","+33.4","+30.7","+35.6","+35.5","+33.1",""
"447",="6542","隆中","61.4","+1.9","+3.19","+38.2","-62.7","-27.8","-37.1","-80.8","+70.1","-50","+4.28","+400","-18.2","+160","+61.9",""
"448",="1409","新纖","17","-0.05","-0.29","+9.02","-18","-35.4","-32.7","-11.4","+9.13","+57.3","+57.6","+50.6","+21.4","+0.26","+0.46",""
"449",="4526","東台","18.9","-0.45","-2.33","-0.86","-14.3","-10.5","-0.73","+3.22","+7.56","+9.4","+4.43","+0.54","-3.98","-0.88","-4.18",""
"450",="3703","欣陸","26.7","0","0","-2.51","+11.7","+7.56","-2.98","-2.4","-0.86","+0.54","-3.53","-4.49","-1.46","-12.8","-11.8","-9.48"
"451",="2505","國揚","19.15","+0.05","+0.26","-2.1","-21.3","-29.3","-23.6","-3.19","-5.26","+7.46","-15.2","+0.19","+5.16","+9.4","+26.7","+23.7"
"452",="3056","總太","52.5","+0.1","+0.19","+10.5","+55.3","+11.6","+1.19","+0.75","-8.33","+17.1","+44.9","+32.2","+11.9","-15.5","-16.1","-9.57"
"453",="1301","台塑","84.5","+0.2","+0.24","+13.7","-16.6","-8.69","-1.99","+31.6","+43.3","+47","+21.5","+29.9","+13.3","-8.62","-0.21",""
"454",="4561","健椿","26.4","-0.75","-2.76","+5.17","-1.21","+10.3","+16.8","+44.3","+42","+41.4","+26.8","-6.25","-19.6","-28.6","-33.9","-30"
"455",="2641","正德","16","-0.25","-1.54","+1479","-31.2","-6.97","+1.13","-20.1","+45.7","+35.2","+1798","+3866","+5358","+6320","+296","+92.7"
"456",="4728","雙美","190","0","0","+31.5","+24.7","-38.5","-18.9","+5.86","+10","+116","+69.6","+61.6","+44.8","+34.8","+36.4",""
"457",="6263","普萊德","123.5","-5.5","-4.26","+3.91","+3.9","-14.4","-11.4","-22.2","-1.58","+6.96","+8.81","+25.2","+3.87","+21.1","+16.4","+10.3"
"458",="2495","普安","20.35","-0.8","-3.78","+14.8","-5.88","-5.77","-10.5","-3.81","+6.59","+9.66","+19.2","+15.6","+39.9","+58.3","+28.1","+26.3"
"459",="8488","吉源-KY","18.5","+0.15","+0.82","+23.5","-31.4","+71.8","+35.6","+67.5","+100","+25.6","+32.2","+11.1","-11.6","-19.3","-22.6",""
"460",="2947","振宇五金","88.5","-1.5","-1.67","+14.2","","+11.2","+11.9","+10.9","+3.18","+12.7","+14.3","+16.6","+23.4","+18.4","+19.1",""
"461",="5525","順天","26.2","+0.3","+1.16","+30.7","+31","+98","+78.2","+75.9","+71.7","+20.4","+2.98","-10.1","-10.7","-14.4","-4.93",""
"462",="4157","太景*-KY","15","-0.4","-2.6","+14.3","+76.6","+94.7","-8.43","+5.21","+23.4","+22","-10.5","-11.8","-8.81","-14.1","-10.5",""
"463",="2008","高興昌","19.75","0","0","+21.4","+4.12","-2.49","+18.5","+30.6","+15.6","+53.7","+55.3","+52.8","+49.3","+2.56","-12.7","-10.2"
"464",="2451","創見","71.8","+0.4","+0.56","+22.6","+78.2","+54.7","+32.7","+38.7","+63.9","+81","+64.2","+31","-18.2","-45.6","-55.2","-54.6"
"465",="3057","喬鼎","13.1","-0.4","-2.96","-7.4","-12.7","-28.1","-26.4","-22.3","-11.8","+2.92","+3.12","+5.19","-0.37","+1.06","+7.89",""
"466",="5245","智晶","42","-0.55","-1.29","+21.6","-23.7","-18.9","-28.1","+6.74","+36.7","+59.2","+71.6","+56.5","+38.7","+26.2","+12.3",""
"467",="2332","友訊","19.5","-0.4","-2.01","+20.8","-31.9","-13.9","+30","+34.9","+55.7","+37.1","+18.3","+22.1","+15.8","+21.5","+39.7",""
"468",="1805","寶徠","9.2","+0.26","+2.91","-10.6","-9.15","-1.85","+4.28","+8.06","+8.87","-6.03","-25.4","-23.9","-35.1","-28.3","-7.88",""
"469",="6574","霈方","56.5","+0.5","+0.89","-13.6","+2.81","-1.91","-14.2","-26.1","-29","-24.8","-19.2","-13.2","-5.26","-8.63","-9.62",""
"470",="4160","創源","51","+1.35","+2.72","-14.2","+11.9","-26.3","-1.41","-16.5","+7.9","+7.91","-24.4","+3.94","-18.3","-47.6","-27.1","-41"
"471",="8092","建暐","13","+0.15","+1.17","-8.6","-2.35","-8.73","-8.75","-9.95","-11.7","-7.74","-13.8","-12.3","-8.95","-9.96","-0.37",""
"472",="2206","三陽工業","79","-3.3","-4.01","+25.6","+34","+22.1","+43.8","+37.8","+20.7","+21.5","+7.99","-1.94","+15.9","+43.5","+36.2",""
"473",="5013","強新","33.6","+0.05","+0.15","+14.1","-18.6","-13.7","+1.8","+19","+56.1","+62.5","+27.3","+28.5","+4.44","-8","-4.46",""
"474",="3284","太普高","16.85","0","0","+49.3","-1.28","-6.72","-2.54","-35.5","-9.46","+69.7","+18.5","+56.9","+37.6","+194","+221",""
"475",="4207","環泰","17.55","+0.05","+0.29","+5.71","-18.6","-7.45","-5.3","+9.47","+2.74","-6.55","+5.68","-10","+30.3","+30.3","+32.2",""
"476",="6629","泰金-KY","45","-1.5","-3.23","+10","-14.6","-2.17","+20.9","+15.7","+35.5","+15.1","+37.1","+28.6","-1.72","-3.44","-20.5",""
"477",="5225","東科-KY","43","-0.15","-0.35","+25","+58.9","+89.1","-15.4","+14.3","-21.2","+3.2","+105","+61.1","+27.5","-13.5","-34",""
"478",="8455","大拓-KY","20.7","-0.65","-3.04","+16.9","-51.5","-48.6","-45.5","-30.5","+28.6","+87.8","+81.8","+82.4","+15.8","+23.4","+42",""
"479",="3528","安馳","50.8","-0.3","-0.59","+42.5","-13.3","-4.31","+22.2","+31.9","+49.5","+81.1","+26.4","+68.8","+17.4","+67.8","+120",""
"480",="4113","聯上","20.1","+0.25","+1.26","+14.1","+30.3","+29.2","+28.9","+4.99","+4.92","+2.99","+3.92","+8.71","+10.6","+15.1","+15.5",""
"481",="3374","精材","113","-4","-3.42","+11.8","+9.62","+23.6","+26.4","+36.4","+38","+29.6","+6.03","-5.14","-0.25","-0.44","-8.01","-13.7"
"482",="1473","台南","24.55","+0.05","+0.2","+9.09","-8.48","-24.9","-37","-15.1","+19.4","+56.1","+82.7","+34","+32.7","-12","-5.09","-13.3"
"483",="1907","永豐餘","32.55","-1.4","-4.12","+7.43","-3.97","-5.96","-2.88","+5.91","+17.8","+29.4","+15.5","+10.8","+4.48","+1.43","+9.28",""
"484",="9917","中保科","108.5","0","0","+22.1","+20.2","+35.8","+95.8","+58.4","+52.4","+13.4","-31.3","-10.4","-12.1","+4.38","+16.5",""
"485",="2063","世鎧","50.4","-0.4","-0.79","+14.9","-4.75","-3.97","+9","+29.9","+39.2","+35.8","+29.6","+16","+9.76","+3.68","-0.25",""
"486",="6223","旺矽","187","-10.5","-5.32","+7.15","+4","+9.49","+9.74","+11","+9.44","+4.29","+8.32","+5.99","+4.24","+6.71","+5.35",""
"487",="3024","憶聲","17.6","-0.2","-1.12","+68.7","-3.03","-4.67","-3.74","+95.7","+145","+138","+188","+49.4","+46","+55.6","+49.9",""
"488",="2115","六暉-KY","30.55","-0.4","-1.29","+5.58","+4.71","+9.44","+26.8","+58.6","+52.6","+13.7","+1.18","-13.2","-29.4","-31.1","-32",""
"489",="3489","森寶","11.1","-0.15","-1.33","+9.55","+7.87","+23.2","+12.3","+8.11","+0.58","-12.6","+5.9","+8.18","+11.5","+16.1","+16.5","+16.9"
"490",="4440","宜新實業","28.85","-0.15","-0.52","+2.82","","-31.1","-25.1","-33.5","-18","+21.4","+27","+38.3","+34.6","+14.1","+0.56",""
"491",="6182","合晶","40","-0.45","-1.11","+14.4","-3.4","+7.89","+7.1","+5.09","+11.4","+2.42","+13.7","+22.8","+23.5","+30.9","+27.9","+23.2"
"492",="6146","耕興","234","-2","-0.85","+33.1","+22.4","+48.4","+74","+119","+86.3","+81.6","+40.4","-0.96","-9.24","-30.5","-23.1","-10.3"
"493",="4533","協易機","27.2","+0.5","+1.87","+1.25","-23.3","-7.66","-12","+4.49","+10.4","-4.91","+4.32","+12.7","-2.46","+20.6","+11.7",""
"494",="2362","藍天","32.2","-0.75","-2.28","-1.81","-22.9","-10.9","+13.4","+22.4","+51.6","+26.5","+3.76","-19.7","-38.6","-19.5","-25.9",""
"495",="4543","萬在","41.45","-1.6","-3.72","-0.19","-13.8","-8.57","-12","-5.41","+7.53","+15.6","+10.5","+6.44","+6.84","-6.65","-2.58",""
"496",="6118","建達","26.55","-1.7","-6.02","+12.7","+3.4","-1.87","+5.77","-30.3","-17.7","+19.3","+25.5","+95.3","+45.8","-1.81","-3.69",""
"497",="1442","名軒","34","-0.2","-0.58","+10.1","+9.26","+9.57","+13.4","+16.2","+11.6","+7.7","+3.78","+5.04","+14","+10.6","+10.1",""
"498",="9926","新海","53.6","-0.1","-0.19","+17.6","+9.96","+14","+12.2","+24.3","+25.3","+16","+16.1","+13.1","+15.1","+21.4","+26",""
"499",="4584","君帆","45.05","0","0","+6.92","","+17.5","","+14.3","","+34.4","+8.47","-0.22","-12","-8.7","+1.55",""
"500",="2423","固緯","33.45","-1.1","-3.18","+21.7","-17.9","-10.2","-7.91","+4.11","+27.4","+31.5","+46.2","+55.6","+46.1","+40.8","+23.5",""
"501",="1541","錩泰","33.5","-0.4","-1.18","+35.4","+22.2","+7.72","+41.2","+61.6","+72.2","+94.3","+65.9","+36.8","+6.99","-7.09","-12.4",""
"502",="9946","三發地產","14.25","0","0","+20.5","-7.73","+0.01","+27.6","+69.2","+60.1","+59.7","+31.3","-2.25","-5.88","-3.8","-3.08",""
"503",="1726","永記","75.9","-0.2","-0.26","+10.8","-4.85","-4.09","+6.78","+13.1","+26","+32.3","+29.9","+34.7","+21.3","+2.68","-9.71","-18.3"
"504",="6532","瑞耘","59.8","-1.7","-2.76","+10.7","-6.83","-20.3","-6.12","+5.26","+5.02","+19.4","+20.9","+15.6","+29.3","+39.5","+14.1","+12.4"
"505",="4764","雙鍵","45.5","-0.95","-2.05","+2.71","-2","-3.19","-10.1","+1.89","-0.7","+36.6","+28.9","+9.04","-1.68","-14.8","-14.1",""
"506",="2344","華邦電","26.8","-0.25","-0.92","+27.4","+35","+36.9","+37","+36.6","+6.37","+12.7","+21.3","+30.2","+34.1","+34.5","+25","+19"
"507",="3516","亞帝歐","17.5","-0.15","-0.85","+10.9","-23.4","-4.71","-5.39","+13.6","+22.9","+2.32","+2.96","+34","+30","+20.4","+27.5",""
"508",="3138","耀登","139","-1.5","-1.07","+69.3","+53.3","+45.1","+123","+102","+50.5","+72.5","+93.7","+133","+96.1","+3.39","-9.59",""
"509",="3310","佳穎","91","-1.9","-2.05","+39.1","-20.7","+86.7","+96.5","+102","+108","+11.9","+9.51","+7.81","+8.02","+10.1","+9.85",""
"510",="6218","豪勉","27.25","-0.95","-3.37","+50.7","-33.1","-23.2","-12","-10.3","+3.18","+54.8","+99.1","+179","+165","+120","+54.3","+11.3"
"511",="3532","台勝科","146.5","+1.5","+1.03","+7.66","+2.86","+2.64","-0.79","-0.31","-1.43","-2.73","-2.88","+6.1","+16.6","+21.6","+26.7","+23.6"
"512",="6654","天正國際","43.5","-0.5","-1.14","+22.6","+48.8","+31.3","+36.9","+28.8","+54.8","+20.9","+12.7","+4.85","-5.75","+11.4","+3.64",""
"513",="9945","潤泰新","34.55","-0.3","-0.86","+3.51","+9.35","+7.78","+7.77","+9","-2.78","0","+0.38","+0.87","+5.97","-0.06","+0.3",""
"514",="3680","家登","310.5","-8.5","-2.66","+30.8","+27.3","+12.5","+5.98","+9.88","+17.3","+21.5","+30.7","+36.2","+54","+65.1","+58.2",""
"515",="2308","台達電","351.5","-6","-1.68","+26.4","+9.72","+14.2","+29.4","+27.9","+42.3","+47.3","+36.7","+27.1","+27.2","+20.8","+19.9","+15"
"516",="3594","磐儀","49","-1.2","-2.39","+9.83","+8.08","+13.9","+7.72","+6.64","+14.1","+11.2","+19.1","+10.6","+4.2","+11.1","+1.43",""
"517",="3011","今皓","32.1","-0.3","-0.93","+9.25","-1.77","+9.75","+56.2","+71.7","+34.2","+3.89","-9.64","-21","-22.8","-7.17","-11.6",""
"518",="5534","長虹","80.1","-0.4","-0.5","+19.3","+15.5","+11.6","+20.7","+26.3","+23.7","+28.8","+20.1","+17.4","+15.2","+14.4","+18.3",""
"519",="3266","昇陽","13.75","-0.25","-1.79","+11.9","-1.05","-1.88","+0.28","-0.63","+14.8","+25.2","+14.5","+29.2","+24.6","+11.6","+20.5","+5.99"
"520",="8201","無敵","20","-1.15","-5.44","+7.56","+15.3","+26.4","+19.9","+15.5","-32.7","-19.8","-45.7","-35.2","+26.4","+28.7","+84.3",""
"521",="2548","華固","90.4","-0.5","-0.55","+7.74","-1.19","+4.59","+2.85","+23.4","+22","+19.3","+24.9","-1.4","-0.38","-1.06","-9.06","+8.88"
"522",="8463","潤泰材","25.4","0","0","+23.3","+9.77","-3.71","-12.7","-2.33","+7.26","+34.2","+63.2","+72.3","+51.9","+25.6","+10.7",""
"523",="1512","瑞利","12.5","-0.3","-2.34","-7.72","-23.7","-11.4","+1.88","-4.26","-2.32","-24.7","-29.1","-30.8","-29.6","+32.2","+36.9",""
"524",="1731","美吾華","21.1","-0.05","-0.24","+8.17","-5.16","-12.8","-6.33","+18.3","+33.7","+42.2","+37.5","+8.28","-4.04","-2.44","-4.91","-6.27"
"525",="1227","佳格","39.25","-0.25","-0.63","+16.8","+25.1","+40.5","+36.1","+29.3","+28.7","+11.2","+2.74","+21","-11","-0.74","+2.25",""
"526",="2536","宏普","25.55","-0.15","-0.58","+27.3","-4.17","+2.61","+10","+30.3","+21.7","+51","+66.6","+59.8","+53.8","+17.9","+8.68","+8.91"
"527",="2609","陽明","45.5","-0.5","-1.09","+26.9","-30.1","-42.2","-22.8","+14.6","+44.2","+55.7","+56.9","+106","+76.2","+32.1","+5.15",""
"528",="1810","和成","20.1","-0.75","-3.6","-3.27","-13.1","-22.7","-21.7","-20.5","-10.9","+0.29","+3.52","+4.64","+6.73","+18.2","+19.5",""
"529",="3632","研勤","15","-0.4","-2.6","-18.9","-67","-36.3","-9.61","+27.7","+12.7","-44.6","-34.1","-48.6","-40.6","+27.5","+4.99",""
"530",="2905","三商","14.4","-0.05","-0.35","+8.14","+3.94","+7.36","+8.32","+7.37","+2.99","+2.48","+0.84","+3.35","+13.1","+20.6","+19.2",""
"531",="2438","翔耀","22.8","-1.2","-5","-12.1","-22.3","-0.01","+27.4","+14.7","+0.48","-13.7","-29.7","-8.96","-15","-44.4","-41.8",""
"532",="8436","大江","168","-2","-1.18","+7.91","-39.7","-40.1","-29.6","-12.8","+14.3","+35.1","+36","+59.2","+38.4","+33.3","+4.13","-3.4"
"533",="4583","台灣精銳","228","-5","-2.15","-4.2","","-10","","-13.7","-12.7","-9.95","-9.55","-4.85","-0.12","+2.02","+7.14","+9.77"
"534",="2464","盟立","39.5","-1.9","-4.59","-11.3","-12.2","-31.9","-34.5","-35.6","-15.3","-3.58","+6.41","-9.83","-14.6","+13.5","+13.5",""
"535",="3025","星通","40.65","-0.95","-2.28","+1.77","+2.83","+6.46","+3.97","-5.29","-5.03","+1.27","+1.06","-0.01","+0.24","+5.77","+8.24",""
"536",="2610","華航","25.15","-0.35","-1.37","+9.43","-8.15","+3.75","+4.08","+11.1","+9.54","+0.31","+7.22","+8.4","+16","+22.2","+22.6","+16"
"537",="3551","世禾","73.2","-0.6","-0.81","+21.3","-3.12","-6.69","-18.6","-18.4","-18","+32.8","+90.2","+72.7","+63.2","+30.9","+9.1",""
"538",="1786","科妍","81.8","-3.5","-4.1","+49.5","+14.5","+39.3","+46.2","+69.7","+62.6","+80.6","+90","+61.2","+44.3","+15.6","+20.6",""
"539",="8091","翔名","86.6","-0.7","-0.8","+17.5","+9.63","+10.4","+19.6","+20.2","+4.13","+13.5","+14.2","+27.5","+37","+22.9","+13.4",""
"540",="9914","美利達","201","-5.5","-2.66","+36.6","-12.4","+7.22","+29","+95","+75.3","+54.8","+36.4","+16.9","+47.1","+32.5","+21.3",""
"541",="4108","懷特","20.65","-0.6","-2.82","+8.9","+29.6","+23.7","+13.8","-7.69","+6.65","-3.91","-15.9","+7.27","+2.17","+3.85","+25.1","+22.2"
"542",="1445","大宇","19.6","+0.2","+1.03","-6.82","-23.4","-25.2","-23.6","-13.3","-0.87","+2.35","+4.45","-6.41","+0.77","+4.71","+5.52",""
"543",="4711","永純","15.5","-0.2","-1.27","+4.1","-12.7","-19.6","+2.78","-3.7","+47.9","+39.4","+12.7","+24.9","-14","-18.6","-13.8",""
"544",="4406","新昕纖","10.2","0","0","+2.87","-22.8","-9.3","-0.08","+7.82","+32.4","+24.9","+8.44","+7.27","-2.68","-9.64","-4.81",""
"545",="4119","旭富","104.5","0","0","+11.1","-1.81","-27.7","-41.6","-52.3","-44.7","-22.8","+40.6","+85.2","+62.5","+74.5","+49.7",""
"546",="6179","亞通","29.2","-0.85","-2.83","+783","+8303","-0.24","-0.24","-0.24","-98.8","0","+104","+101","+101","+103","+1.3",""
"547",="2524","京城","30.15","-0.5","-1.63","-0.31","-11.7","-13.3","-9.19","+3.8","+7.94","+7.94","+5.72","-2.36","-1.21","+3.7","+5.34",""
"548",="5508","永信建","71","-1.5","-2.07","+20.9","+14.6","+14.6","+26.3","+29.9","+28.1","+19.4","+5.39","+16.6","+19.4","+30.8","+31.3","+14.1"
"549",="6767","台微醫","42","-0.5","-1.18","+6.96","+16.9","-2.88","-2.43","-8.34","-6.87","+1.66","+4.43","+9.29","+14.7","+25","+18.1","+14"
"550",="3701","大眾控","56.9","-1.7","-2.9","+38","+3.73","+23.7","+33.8","+67.8","+75.5","+71.1","+62.3","+38.7","+23.9","+10.1","+6.75",""
"551",="6154","順發","16.65","-0.1","-0.6","+1.64","+2.04","-5.68","+7.97","-2.81","+19.5","+28.3","+18.1","+4.46","-19.2","-16.1","-18.4",""
"552",="2753","八方雲集","163.5","+1","+0.62","+21.6","","+10.1","+0.47","+36.3","+20.8","+19.6","+46","+36.6","+41","+8.24","-3.19",""
"553",="1526","日馳","35.7","-0.1","-0.28","+43.1","-5.15","+14.5","+29.7","+58.5","+65.3","+50.8","+74.5","+64.2","+53.2","+52.2","+16.1",""
"554",="4416","三圓","79.6","+0.3","+0.38","+27.6","+25.3","+29.7","+27.8","+26.8","+32.7","+30.9","+30.7","+28.6","+28.5","+25.4","+17",""
"555",="4126","太醫","80.3","-1.1","-1.35","+2.43","-1.69","-2.02","-11.2","-9.98","+4.65","+8.4","+11.3","+9.73","+10.3","+9.4","+2.96","-2.72"
"556",="5392","能率","23.4","-0.95","-3.9","+3.41","-10.7","-8.96","+4.28","+18.6","+28.6","+30.8","+16.5","+2.22","-7.38","-20.4","-16.1",""
"557",="2250","IKKA-KY","70.1","-0.9","-1.27","+7.51","","-15.8","-3.41","+5.21","+32.7","+12.8","+28.2","+3.02","-5.36","+24.2","-6.5",""
"558",="2390","云辰","12.2","-0.3","-2.4","+5.48","-4.24","-3.17","-27.4","-26.3","+5.74","+6.38","+48.2","+49.3","+5.84","+3.94","+1.92",""
"559",="8923","時報","19.45","-0.05","-0.26","-0.6","-0.58","-3.02","-8.58","+0.38","-2.16","-0.76","+5.12","-2.92","+1.74","+2.11","+2.05",""
"560",="5301","寶得利","14.2","-0.6","-4.05","-0.28","-5.91","-3.07","-4.6","-1.29","-3.19","-1.52","-1.27","-2.38","+0.7","+9.01","+10.4",""
"561",="2006","東和鋼鐵","60.4","+0.1","+0.17","+13.5","-12.2","-11.5","+9.03","+25.9","+51.2","+67.6","+32.8","+25.9","+2","-8.17","-7.96","-12.4"
"562",="5512","力麒","9.38","-0.12","-1.26","-2.64","+0.84","-1.04","-1.73","-3.69","-2.82","-2.24","-4.05","-4.46","-4.91","-3.76","-1.17",""
"563",="4175","杏一","93","-3.8","-3.93","+4.97","+24.2","+17.9","+9.43","+9.19","-1.18","-4","-6.47","-5.01","-1.11","+3.76","+7.98",""
"564",="5530","龍巖","36.35","0","0","+3.32","+1.94","+2.17","+2.08","+2.78","+3.12","+3.98","+4.13","+4.17","+3.25","+4.26","+4.66",""
"565",="6112","邁達特","65","-5.4","-7.67","+2.91","+17.6","+0.81","-21.8","-5.33","-8.33","-5.18","-1.42","-1.35","+10.5","+20","+16.3","+13.2"
"566",="2345","智邦","366","-14","-3.68","+14.4","-1.81","-6.17","+3.83","+11.3","+42.7","+61.9","+44.3","+16.9","+0.32","-3.45","-11.2",""
"567",="3176","基亞","31.55","-0.45","-1.41","+118","+114","+139","+143","+417","+249","+133","+140","-5.74","-10.6","-8","-10.3",""
"568",="1446","宏和","37.05","-2.2","-5.61","+6.01","+9.51","-3.54","-3.49","-2.08","+2.51","+6.48","+9.97","+13.4","+13.1","+11.1","+9.14",""
"569",="1419","新紡","43.95","-0.1","-0.23","+36.1","-10.2","-7.34","+1.96","+38.3","+67.7","+72.2","+69.7","+71.4","+29.1","+35.9","+28.5",""
"570",="3581","博磊","33","-0.6","-1.79","+26.6","+13","+0.15","+20.1","+28.3","+46","+71.3","+35.6","+32.2","+29.3","+15.8","+15.8","+11.4"
"571",="2506","太設","9.16","0","0","-8.65","+4.07","-17.3","-27.5","-27.7","-26.8","-5.46","+5.15","+6.12","+6.96","-7.65","-6.97","-6.78"
"572",="1432","大魯閣","17.8","-0.1","-0.56","+1.76","-7.08","-8.41","-1.75","+0.46","+1.8","+3.08","+6.78","+6.23","+7.09","+7.7","+3.42",""
"573",="6588","東典光電","29.75","-0.25","-0.83","+7.22","-47.7","-45.6","-31","-1.4","+57.8","+83","+33.1","-2.58","+1.21","-5.49","+14.3","+31"
"574",="6212","理銘","45.3","-1.5","-3.21","+35.4","+66.1","+36.6","+25.3","-4.84","-16.2","+55.9","+54.8","+56.4","+81","+16","+18.2",""
"575",="3308","聯德","41.9","-2","-4.56","-1.14","-12.2","+2.71","+4.45","+9.68","+11.4","+8.59","-13.7","-16.3","-14.3","-9.14","+16.3",""
"576",="2545","皇翔","39.85","-0.15","-0.38","+13.2","-2.12","+3.82","+10.1","+5.31","+11.7","+19.5","+29.8","+31.1","+25.3","+11.7","-0.87",""
"577",="6735","美達科技","51.7","-0.1","-0.19","+75.4","","+21.6","","+42.2","+105","+157","+167","+127","+82.2","+35.3","+13.5","+3.87"
"578",="2538","基泰","12.4","0","0","+3.78","+4.69","+7.97","+7.74","+6.64","+6.36","+0.5","+1.02","+1.05","+1.24","+1.93","+2.38",""
"579",="4426","利勤","20.35","-0.3","-1.45","+0.92","-25","-32","-29.4","-22.5","+30.4","+53.1","+39.4","+20.6","-13.5","-9.14","-1.79",""
"580",="4109","加捷生醫","13.75","-0.15","-1.08","+3.54","-77","-72.1","-63","+17","-9.91","+38.2","+69.6","+51.5","+59.8","+28.1","-3.38",""
"581",="1762","中化生","68.4","-1.6","-2.29","+31.3","+46.6","+16.8","+26.1","+52.6","+47.1","+56.6","+52.9","+21.2","+7.74","+8.77","+7.67",""
"582",="8930","青鋼","28.6","+0.1","+0.35","+20","+16.2","+2.53","-0.73","+40.6","+74.3","+84.4","+65.6","+14.5","-20.7","-15.7","-7.56","-13.6"
"583",="1565","精華","213.5","-2.5","-1.16","+4","+3.78","-6.71","-7.33","-1.71","+1.25","+7.96","-0.64","+6.32","+6.85","+12.9","+16.7","+8.71"
"584",="1231","聯華食","87.5","-1.5","-1.69","+3.94","-1.74","-17","-12.8","+0.24","+2.34","+2.48","+12.7","+3.07","+18.8","+20.1","+15.1",""
"585",="4133","亞諾法","32.8","-0.5","-1.5","-4.81","-0.96","-0.69","-2.11","-3.8","-6.32","-8.74","-9.48","-9.05","-8.11","-4.74","-2.94","-0.81"
"586",="2413","環科","29.1","-1","-3.32","+35.5","-6.47","+4.18","+20.6","+41.6","+56.9","+56","+59.6","+54.4","+44.9","+33.4","+25.4",""
"587",="1341","富林-KY","67.5","0","0","+8.41","+2.66","-10.1","-2","+8.8","+18.5","+48.3","+5.81","+9.08","+3.11","-7.06","+15.4",""
"588",="4572","駐龍","195.5","-0.5","-0.26","+6.33","+11","+2.24","-3.79","-7.21","-11.5","-9.91","-7.26","+11.3","+23.9","+34.9","+24.8","+7.49"
"589",="2444","兆勁","13.3","-0.4","-2.92","+10.5","+35.2","+25.2","+30","+14","+0.4","-2.72","-8","-14.7","+4.67","+15.8","+15.2",""
"590",="6292","迅德","47","+0.85","+1.84","+28.5","-4.28","+5.15","+50.5","+31.1","+55.5","+61.1","+37.4","+54","+35.8","+10.5","+5.22","-0.33"
"591",="2514","龍邦","16.4","-0.1","-0.61","+6.3","+24.4","+25.4","+6","+2.15","+6.09","-1.04","+5.03","+3.54","-1.98","+2.85","-3.11",""
"592",="5215","科嘉-KY","48","-0.1","-0.21","+31.2","+36.3","+70.8","+71.5","+118","+50.4","-1.55","-1.66","-14.6","+1.43","+14.5","-2.01",""
"593",="6835","圓裕","39.2","-1.05","-2.61","+6.52","","+15.8","","+65.6","","+28.8","","-2.04","-9.7","-27.2","-25.7",""
"594",="3324","雙鴻","273","-25","-8.39","+22.5","+27.6","+24.3","+55.7","+29.9","+34.9","+46.2","+52.8","+38.1","+17.2","-9.59","-23.4","-23.4"
"595",="3252","海灣","19.75","-0.3","-1.5","+0.2","-4.42","-0.18","-0.46","-0.29","+0.19","+0.46","+0.95","+1.25","+1.64","+1.53","+1.58",""
"596",="3031","佰鴻","17.25","-0.2","-1.15","+1.53","-11.5","-1.81","+18.6","+21.2","+34.2","+23.8","+17.8","-4.24","-22.1","-24.8","-34.3",""
"597",="3558","神準","290.5","-10.5","-3.49","+55.3","+20.9","+31.7","+61.5","+69.6","+59.2","+110","+54.2","+58.1","+79.5","+44.6","+49.9","+25.3"
"598",="1316","上曜","12.1","-0.1","-0.82","+14.4","+39.5","-1.11","-1.63","+6.97","+9.29","+13.3","+15.8","+16.8","+26.1","+18.5","+14.6",""
"599",="4746","台耀","92.1","-3.2","-3.36","+7.89","+8.4","+16.3","+15.1","+10.6","+15.7","+13","+5.82","+5.81","-2.2","-2.29","+0.53",""
"600",="4510","高鋒","15.4","-0.35","-2.22","+9.15","-20.4","-14.3","+1.18","+15.7","+28.3","+49.9","+30.6","+30.5","+4.04","-12.2","-12.5",""
"601",="3332","幸康","47.9","-1.15","-2.34","+41.7","-13.5","-5.03","+0.78","+34.4","+73.7","+101","+140","+88.5","+43.2","+9.44","-13.8",""
"602",="2230","泰茂","84.2","-0.8","-0.94","+4.56","+8.99","+4.69","+14.9","+9.39","+7.62","+12.6","+3.43","+2.77","-3.88","-7.46","-2.88",""
"603",="1713","國化","32.55","-0.4","-1.21","+20.5","+9.2","+12.3","+4.71","+31.3","+22.5","+71.5","+45.9","+31.5","+45.9","+0.9","-5.52","-24.6"
"604",="1717","長興","30","-0.15","-0.5","+15.5","-2.12","+4.33","+14.5","+29.5","+40.4","+42.5","+38.1","+26.3","+2.51","-9.01","-17.1",""
"605",="5529","鉅陞","11","-0.15","-1.35","+126","-22.5","-24.6","-15.6","-11","+2.12","+103","+355","+414","+410","+162","+17.3",""
"606",="6541","泰福-KY","68.3","+4.2","+6.55","+62.7","-20.4","-4.06","-10","-1.56","+24.9","+80.4","+142","+238","+219","+89.1","+12.1","-17.6"
"607",="1229","聯華","63.1","-1.2","-1.87","+18.7","-2.44","+10.6","+15.2","+14.3","+46.7","+33.8","+28.7","+33.5","+23.1","+1.57","+0.79",""
"608",="4716","大立","13.15","-0.1","-0.75","-1.93","-15.5","-23.6","-20.9","+6.78","-1.09","+23.9","+26","+12.6","+6","-5.46","-11.7","-20.3"
"609",="8429","金麗-KY","9.99","-0.06","-0.6","-29.1","-89.6","-71.9","-43.9","-52.1","+206","-6.53","-47.2","-11.7","-70.8","-74.9","-57.6",""
"610",="2481","強茂","66.8","-3.5","-4.98","+37.4","-1.31","-1.45","-5.33","-8.78","+10.3","+50","+71.1","+110","+92.7","+55.1","+38.5",""
"611",="3042","晶技","90.3","-0.5","-0.55","+10.7","+40.1","+38.1","+27.5","+10.4","-5.76","-6.3","-10.1","+5.32","+17.8","+2.29","-1.54",""
"612",="2752","豆府","271.5","+5.5","+2.07","+50.9","+114","+53.1","+64.1","+40.4","+3.25","+31.8","+33.6","+55.7","+49.5","+62.1","+51.9",""
"613",="3313","斐成","10.6","+0.05","+0.47","+1924974","-99.9","-100","-100","-100","-100","+15399700","","","","+312","+279",""
"614",="6790","永豐實","40","+1.05","+2.7","+12.7","","-16.1","+7.64","+20.2","+19.3","+24.1","+13.4","+8.63","+6.91","+19.4","+23.1",""
"615",="8424","惠普","67","-0.4","-0.59","+11.8","-43.9","-29","-19.5","+23.5","+81.1","+58.2","+13.5","-12.4","-9.89","+18.9","+49.2",""
"616",="5904","寶雅","510","-2","-0.39","+13.1","+19.5","+17.4","+25.6","+21","+2.62","+8.2","+2.77","+5.17","+15","+12.8","+11.5","+15.7"
"617",="9911","櫻花","63.3","-0.4","-0.63","+26.1","+30.2","+25","+20.2","+43.6","+28.4","+42.2","+41.8","+38.1","+23.5","+22.6","+3.96","-6.9"
"618",="2520","冠德","32.7","+0.55","+1.71","-14.4","-0.31","-12.7","-16.2","-30.9","-34.4","-25","-23.1","-9.59","-6.99","-0.63","+0.81",""
"619",="3492","長盛","19.4","-0.4","-2.02","+13","-5.55","+9.91","+26.1","+19.6","+65.2","+13.2","+8.47","-3.88","-6.77","+6.71","+9.89",""
"620",="5344","立衛","16.5","-0.6","-3.51","+176","-73.3","-80.9","-61.9","-27.8","-33.7","+238","+45.9","-25.9","-6.15","+587","+622","+929"
"621",="3036","文曄","73.3","-0.7","-0.95","+31.9","-2.07","-3.23","+13.6","+15.5","+57.1","+50.1","+45.2","+57.5","+54.8","+36.1","+26.4",""
"622",="2235","謚源","41.9","-0.35","-0.83","+0.15","-2.49","-15.5","+2.94","-0.72","+11.5","+7.68","-4.77","-9.72","-12.1","+3.62","+10.7","+10.6"
"623",="1108","幸福","17.5","-0.05","-0.28","+3.74","-4.41","+0.84","-0.14","-1.13","+0.33","+3.69","+3.06","+7.25","+8.04","+10.6","+13",""
"624",="6441","廣錠","53","-2.2","-3.99","+16.1","+30","+22.6","+82.6","+69.4","-20.1","-9.64","-19.4","-15.9","+19.1","+9.14","+9.46",""
"625",="9902","台火","12","-0.2","-1.64","-10.8","+18.5","-1.53","-22.4","-32.9","-34.1","-19.9","-10.6","-5.23","+9.15","-9.11","-12","-10"
"626",="6198","瑞築","31.4","-2.8","-8.19","+2415","-43.1","-61.6","-74","-78.2","-68.4","+799","+4127","+5371","+15624","+747","+222",""
"627",="8074","鉅橡","19.1","-0.05","-0.26","+1.04","-5.46","-14.1","-11.2","+5.19","+10.1","+11.8","+18.8","+8.05","+1.76","-5.2","-8.12",""
"628",="1701","中化","24.2","-0.2","-0.82","+4.39","+5.02","+10.2","+12.5","+6.07","+3.03","-5.67","-6.29","-3.41","+6.5","+9.47","+10.9",""
"629",="3706","神達","42.3","-2.7","-6","+15.6","+20","+17.5","+25.2","-3.47","+23.2","+30.1","+26.9","+49.2","+26.5","-22.1","-21.4",""
"630",="1568","倉佑","23.7","-2.3","-8.85","-3.71","-27.1","-32.9","-35.6","-28","-1.74","+17.6","+27.6","+17.9","+9.6","+7.04","+4.65",""
"631",="1312","國喬","18.6","-0.25","-1.33","+21","-39.7","-28.1","+26.9","+45.2","+80.9","+91.3","+29","+65.2","+14.5","-29.8","-23.9",""
"632",="4163","鐿鈦","117","-2.5","-2.09","+15.1","+14.7","+12.2","+6.51","+2.96","+9.53","+18.7","+27","+27.3","+26.5","+15","+5.87",""
"633",="1605","華新","38.35","-0.6","-1.54","+19","-5.35","-4.26","+9.17","+16.7","+36.6","+50.2","+46.5","+58.5","-10.6","+14","-2.79",""
"634",="2066","世德","87.6","-6.4","-6.81","+11.2","-9.7","-5.97","+3.76","+4.7","+29.9","+39.3","+35.8","+19.2","+6.18","+1.01","-0.81",""
"635",="4552","力達-KY","31.75","-0.25","-0.78","+12.5","+11.6","+0.04","+16.5","+64.7","+28.8","+14.5","+19.1","-7.3","+0.68","-7.14","-4.32",""
"636",="6243","迅杰","44.1","-1.3","-2.86","+30.5","-47.4","-36.5","-36.2","-11","+13.3","+21.7","+32.6","+62.5","+132","+112","+92.7",""
"637",="5515","建國","14.1","-0.15","-1.05","-1.24","-4.51","-5.49","-2.13","-2.44","0","0","0","0","0","+0.38","+0.54",""
"638",="2537","聯上發","7.18","-0.05","-0.69","+21.1","+42.8","+40","+39.9","+48.8","+3.34","+15.9","+7.28","+6.32","+17","+3.9","+7.27",""
"639",="6173","信昌電","40.5","-0.3","-0.74","+16.3","+39.6","+39.5","+49.4","+22.7","+32","+28.4","+8.1","+4.21","-12.3","-18.1","-14",""
"640",="2316","楠梓電","35.2","-3.9","-9.97","+11.9","+18.6","+4.49","+2.59","+21.3","+43.7","+62.7","+40.3","+6.56","-14.9","-29.5","-25.2",""
"641",="8942","森鉅","78.2","+0.7","+0.9","+5.95","-12.3","-20.3","-16.4","-14.4","+21.2","+34.3","+24.2","+23.9","-0.13","+9.31","+13.2","+8.79"
"642",="1307","三芳","24.45","+0.55","+2.3","+12.4","-29.2","-22.2","+0.71","+53.3","+87.2","+54.4","+33.6","+10.7","-16.5","-14.8","-21.3",""
"643",="8404","百和興業-KY","19.95","-0.1","-0.5","+6.43","+2.97","+15.4","+47.1","+9","-0.68","-3.03","-5.69","+27.3","+10.5","-11.1","-21",""
"644",="4420","光明","30.5","-0.25","-0.81","-8","-10.2","-22.7","-32.4","-32","-6.89","+1.35","+7.68","+15.3","-12.3","-1.66","+5.8",""
"645",="6796","晉弘","116","-0.5","-0.43","+19.3","","+7.11","","+16.8","+33.4","+31.8","+25.8","+25.4","+16.7","+13.8","+3.21",""
"646",="4111","濟生","27","-0.45","-1.64","+4.2","+6.02","-0.15","-0.82","-0.4","+12","+5.7","+0.27","+4.84","-9.18","+9.72","+17","+5.36"
"647",="2443","昶虹","3.15","-0.04","-1.25","-82.2","-58.6","-62.8","-85.4","-82.2","-89.9","-91","-93.4","-96.1","-47.5","-99.4","-98.3",""
"648",="2719","燦星旅","70.5","-3.2","-4.34","+138","","-100","-100","-95.2","","","","+1420","","-83.8","-41.2","-34.2"
"649",="2724","富驛-KY","14.45","-0.05","-0.34","-7.83","-23.1","-14.3","-93.1","-90","-100","-100","-75","+25","","","+400",""
"650",="3086","華義","67.3","-1.7","-2.46","0","0","0","0","0","0","0","0","0","0","0","0",""
"651",="3687","歐買尬","87.8","-3.4","-3.73","-27.4","-57.1","-61.9","-79.2","-79.7","-16.7","-6.25","0","0","0","0","0",""
"652",="5521","工信","7.06","-0.06","-0.84","-10.4","-71.8","-3.46","0","0","0","-9.85","-9.85","-9.85","-9.85","0","0",""
"653",="6122","擎邦","45.1","+0.25","+0.56","+10.9","-99.6","-99.6","+160","+160","0","0","0","0","0","0","0",""
"654",="6516","勤崴國際","89.2","-0.3","-0.34","+734","-42.9","+11.1","","+595","+100","-75","","-96.4","+190","+2220","+2220","+2220"
"655",="8476","台境","66.6","-1.1","-1.62","+6104","-80.7","-89.7","-91.4","-93.3","-84.4","-100","-100","-100","+55676","","",""
